VAR,Variable,UNIT,Measure,COU,Country,YEA,Year,Value,Flag Codes,Flags
HOSPGHOS,General hospitals,NOMBRENB,Number,AUS,Australia,2000,2000,1021,,
HOSPGHOS,General hospitals,NOMBRENB,Number,AUS,Australia,2001,2001,1019,,
HOSPGHOS,General hospitals,NOMBRENB,Number,AUS,Australia,2002,2002,1013,,
HOSPGHOS,General hospitals,NOMBRENB,Number,AUS,Australia,2003,2003,1020,,
HOSPGHOS,General hospitals,NOMBRENB,Number,AUS,Australia,2004,2004,1017,,
HOSPGHOS,General hospitals,NOMBRENB,Number,AUS,Australia,2005,2005,1018,,
HOSPGHOS,General hospitals,NOMBRENB,Number,AUS,Australia,2006,2006,1018,,
HOSPGHOS,General hospitals,NOMBRENB,Number,AUS,Australia,2008,2008,1005,,
HOSPGHOS,General hospitals,NOMBRENB,Number,AUS,Australia,2009,2009,1012,,
HOSPGHOS,General hospitals,NOMBRENB,Number,AUS,Australia,2010,2010,986,B,Break
HOSPGHOS,General hospitals,NOMBRENB,Number,AUS,Australia,2011,2011,988,,
HOSPGHOS,General hospitals,NOMBRENB,Number,AUS,Australia,2012,2012,983,,
HOSPGHOS,General hospitals,NOMBRENB,Number,AUS,Australia,2013,2013,985,,
HOSPGHOS,General hospitals,NOMBRENB,Number,AUS,Australia,2014,2014,928,,
HOSPGHOS,General hospitals,NOMBRENB,Number,AUS,Australia,2015,2015,937,,
HOSPGHOS,General hospitals,NOMBRENB,Number,AUT,Austria,2000,2000,141,,
HOSPGHOS,General hospitals,NOMBRENB,Number,AUT,Austria,2001,2001,141,,
HOSPGHOS,General hospitals,NOMBRENB,Number,AUT,Austria,2002,2002,140,,
HOSPGHOS,General hospitals,NOMBRENB,Number,AUT,Austria,2003,2003,139,,
HOSPGHOS,General hospitals,NOMBRENB,Number,AUT,Austria,2004,2004,138,,
HOSPGHOS,General hospitals,NOMBRENB,Number,AUT,Austria,2005,2005,136,,
HOSPGHOS,General hospitals,NOMBRENB,Number,AUT,Austria,2006,2006,132,,
HOSPGHOS,General hospitals,NOMBRENB,Number,AUT,Austria,2007,2007,132,,
HOSPGHOS,General hospitals,NOMBRENB,Number,AUT,Austria,2008,2008,131,,
HOSPGHOS,General hospitals,NOMBRENB,Number,AUT,Austria,2009,2009,130,,
HOSPGHOS,General hospitals,NOMBRENB,Number,AUT,Austria,2010,2010,129,,
HOSPGHOS,General hospitals,NOMBRENB,Number,AUT,Austria,2011,2011,128,,
HOSPGHOS,General hospitals,NOMBRENB,Number,AUT,Austria,2012,2012,127,,
HOSPGHOS,General hospitals,NOMBRENB,Number,AUT,Austria,2013,2013,124,,
HOSPGHOS,General hospitals,NOMBRENB,Number,AUT,Austria,2014,2014,122,,
HOSPGHOS,General hospitals,NOMBRENB,Number,AUT,Austria,2015,2015,119,,
HOSPGHOS,General hospitals,NOMBRENB,Number,AUT,Austria,2016,2016,118,,
HOSPGHOS,General hospitals,NOMBRENB,Number,BEL,Belgium,2000,2000,160,,
HOSPGHOS,General hospitals,NOMBRENB,Number,BEL,Belgium,2001,2001,157,,
HOSPGHOS,General hospitals,NOMBRENB,Number,BEL,Belgium,2002,2002,152,,
HOSPGHOS,General hospitals,NOMBRENB,Number,BEL,Belgium,2003,2003,149,,
HOSPGHOS,General hospitals,NOMBRENB,Number,BEL,Belgium,2004,2004,146,,
HOSPGHOS,General hospitals,NOMBRENB,Number,BEL,Belgium,2005,2005,147,,
HOSPGHOS,General hospitals,NOMBRENB,Number,BEL,Belgium,2006,2006,146,,
HOSPGHOS,General hospitals,NOMBRENB,Number,BEL,Belgium,2007,2007,142,,
HOSPGHOS,General hospitals,NOMBRENB,Number,BEL,Belgium,2008,2008,141,,
HOSPGHOS,General hospitals,NOMBRENB,Number,BEL,Belgium,2009,2009,136,,
HOSPGHOS,General hospitals,NOMBRENB,Number,BEL,Belgium,2010,2010,131,,
HOSPGHOS,General hospitals,NOMBRENB,Number,BEL,Belgium,2011,2011,128,,
HOSPGHOS,General hospitals,NOMBRENB,Number,BEL,Belgium,2012,2012,128,,
HOSPGHOS,General hospitals,NOMBRENB,Number,BEL,Belgium,2013,2013,127,,
HOSPGHOS,General hospitals,NOMBRENB,Number,BEL,Belgium,2014,2014,124,,
HOSPGHOS,General hospitals,NOMBRENB,Number,BEL,Belgium,2015,2015,116,,
HOSPGHOS,General hospitals,NOMBRENB,Number,BEL,Belgium,2016,2016,115,,
HOSPGHOS,General hospitals,NOMBRENB,Number,BEL,Belgium,2017,2017,115,,
HOSPGHOS,General hospitals,NOMBRENB,Number,CAN,Canada,2006,2006,581,,
HOSPGHOS,General hospitals,NOMBRENB,Number,CAN,Canada,2007,2007,523,,
HOSPGHOS,General hospitals,NOMBRENB,Number,CAN,Canada,2008,2008,492,,
HOSPGHOS,General hospitals,NOMBRENB,Number,CAN,Canada,2009,2009,496,,
HOSPGHOS,General hospitals,NOMBRENB,Number,CAN,Canada,2010,2010,472,,
HOSPGHOS,General hospitals,NOMBRENB,Number,CAN,Canada,2011,2011,481,,
HOSPGHOS,General hospitals,NOMBRENB,Number,CAN,Canada,2012,2012,480,,
HOSPGHOS,General hospitals,NOMBRENB,Number,CAN,Canada,2013,2013,477,,
HOSPGHOS,General hospitals,NOMBRENB,Number,CAN,Canada,2014,2014,481,,
HOSPGHOS,General hospitals,NOMBRENB,Number,CAN,Canada,2015,2015,478,,
HOSPGHOS,General hospitals,NOMBRENB,Number,CAN,Canada,2016,2016,485,,
HOSPGHOS,General hospitals,NOMBRENB,Number,CZE,Czech Republic,2005,2005,169,,
HOSPGHOS,General hospitals,NOMBRENB,Number,CZE,Czech Republic,2006,2006,164,,
HOSPGHOS,General hospitals,NOMBRENB,Number,CZE,Czech Republic,2007,2007,165,,
HOSPGHOS,General hospitals,NOMBRENB,Number,CZE,Czech Republic,2008,2008,164,,
HOSPGHOS,General hospitals,NOMBRENB,Number,CZE,Czech Republic,2009,2009,165,,
HOSPGHOS,General hospitals,NOMBRENB,Number,CZE,Czech Republic,2010,2010,160,,
HOSPGHOS,General hospitals,NOMBRENB,Number,CZE,Czech Republic,2011,2011,156,,
HOSPGHOS,General hospitals,NOMBRENB,Number,CZE,Czech Republic,2012,2012,156,,
HOSPGHOS,General hospitals,NOMBRENB,Number,CZE,Czech Republic,2013,2013,156,,
HOSPGHOS,General hospitals,NOMBRENB,Number,CZE,Czech Republic,2014,2014,155,,
HOSPGHOS,General hospitals,NOMBRENB,Number,CZE,Czech Republic,2015,2015,155,,
HOSPGHOS,General hospitals,NOMBRENB,Number,CZE,Czech Republic,2016,2016,152,,
HOSPGHOS,General hospitals,NOMBRENB,Number,FIN,Finland,2000,2000,155,B,Break
HOSPGHOS,General hospitals,NOMBRENB,Number,FIN,Finland,2001,2001,156,,
HOSPGHOS,General hospitals,NOMBRENB,Number,FIN,Finland,2002,2002,154,,
HOSPGHOS,General hospitals,NOMBRENB,Number,FIN,Finland,2003,2003,145,,
HOSPGHOS,General hospitals,NOMBRENB,Number,FIN,Finland,2004,2004,146,,
HOSPGHOS,General hospitals,NOMBRENB,Number,FIN,Finland,2005,2005,145,,
HOSPGHOS,General hospitals,NOMBRENB,Number,FIN,Finland,2006,2006,131,,
HOSPGHOS,General hospitals,NOMBRENB,Number,FIN,Finland,2007,2007,131,,
HOSPGHOS,General hospitals,NOMBRENB,Number,FIN,Finland,2008,2008,130,,
HOSPGHOS,General hospitals,NOMBRENB,Number,FIN,Finland,2009,2009,131,,
HOSPGHOS,General hospitals,NOMBRENB,Number,FIN,Finland,2010,2010,134,,
HOSPGHOS,General hospitals,NOMBRENB,Number,FIN,Finland,2011,2011,138,,
HOSPGHOS,General hospitals,NOMBRENB,Number,FIN,Finland,2012,2012,133,,
HOSPGHOS,General hospitals,NOMBRENB,Number,FIN,Finland,2013,2013,131,,
HOSPGHOS,General hospitals,NOMBRENB,Number,FIN,Finland,2014,2014,128,,
HOSPGHOS,General hospitals,NOMBRENB,Number,FIN,Finland,2015,2015,133,,
HOSPGHOS,General hospitals,NOMBRENB,Number,FIN,Finland,2016,2016,125,,
HOSPGHOS,General hospitals,NOMBRENB,Number,FRA,France,2000,2000,2172,,
HOSPGHOS,General hospitals,NOMBRENB,Number,FRA,France,2001,2001,2159,,
HOSPGHOS,General hospitals,NOMBRENB,Number,FRA,France,2002,2002,2147,,
HOSPGHOS,General hospitals,NOMBRENB,Number,FRA,France,2003,2003,2105,,
HOSPGHOS,General hospitals,NOMBRENB,Number,FRA,France,2004,2004,2075,,
HOSPGHOS,General hospitals,NOMBRENB,Number,FRA,France,2005,2005,2056,,
HOSPGHOS,General hospitals,NOMBRENB,Number,FRA,France,2006,2006,2023,,
HOSPGHOS,General hospitals,NOMBRENB,Number,FRA,France,2007,2007,1993,,
HOSPGHOS,General hospitals,NOMBRENB,Number,FRA,France,2008,2008,1950,,
HOSPGHOS,General hospitals,NOMBRENB,Number,FRA,France,2009,2009,1923,,
HOSPGHOS,General hospitals,NOMBRENB,Number,FRA,France,2010,2010,1892,,
HOSPGHOS,General hospitals,NOMBRENB,Number,FRA,France,2011,2011,1876,,
HOSPGHOS,General hospitals,NOMBRENB,Number,FRA,France,2012,2012,1856,,
HOSPGHOS,General hospitals,NOMBRENB,Number,FRA,France,2013,2013,2034,B,Break
HOSPGHOS,General hospitals,NOMBRENB,Number,FRA,France,2014,2014,1979,,
HOSPGHOS,General hospitals,NOMBRENB,Number,FRA,France,2015,2015,1951,,
HOSPGHOS,General hospitals,NOMBRENB,Number,FRA,France,2016,2016,1930,,
HOSPGHOS,General hospitals,NOMBRENB,Number,DEU,Germany,2000,2000,2003,,
HOSPGHOS,General hospitals,NOMBRENB,Number,DEU,Germany,2001,2001,1995,,
HOSPGHOS,General hospitals,NOMBRENB,Number,DEU,Germany,2002,2002,1898,,
HOSPGHOS,General hospitals,NOMBRENB,Number,DEU,Germany,2003,2003,1868,,
HOSPGHOS,General hospitals,NOMBRENB,Number,DEU,Germany,2004,2004,1827,,
HOSPGHOS,General hospitals,NOMBRENB,Number,DEU,Germany,2005,2005,1846,,
HOSPGHOS,General hospitals,NOMBRENB,Number,DEU,Germany,2006,2006,1809,,
HOSPGHOS,General hospitals,NOMBRENB,Number,DEU,Germany,2007,2007,1791,,
HOSPGHOS,General hospitals,NOMBRENB,Number,DEU,Germany,2008,2008,1781,,
HOSPGHOS,General hospitals,NOMBRENB,Number,DEU,Germany,2009,2009,1780,,
HOSPGHOS,General hospitals,NOMBRENB,Number,DEU,Germany,2010,2010,1758,,
HOSPGHOS,General hospitals,NOMBRENB,Number,DEU,Germany,2011,2011,1736,,
HOSPGHOS,General hospitals,NOMBRENB,Number,DEU,Germany,2012,2012,1692,,
HOSPGHOS,General hospitals,NOMBRENB,Number,DEU,Germany,2013,2013,1668,,
HOSPGHOS,General hospitals,NOMBRENB,Number,DEU,Germany,2014,2014,1646,,
HOSPGHOS,General hospitals,NOMBRENB,Number,DEU,Germany,2015,2015,1619,,
HOSPGHOS,General hospitals,NOMBRENB,Number,DEU,Germany,2016,2016,1607,,
HOSPGHOS,General hospitals,NOMBRENB,Number,GRC,Greece,2000,2000,179,,
HOSPGHOS,General hospitals,NOMBRENB,Number,GRC,Greece,2001,2001,181,,
HOSPGHOS,General hospitals,NOMBRENB,Number,GRC,Greece,2002,2002,185,,
HOSPGHOS,General hospitals,NOMBRENB,Number,GRC,Greece,2003,2003,184,,
HOSPGHOS,General hospitals,NOMBRENB,Number,GRC,Greece,2004,2004,181,,
HOSPGHOS,General hospitals,NOMBRENB,Number,GRC,Greece,2005,2005,181,,
HOSPGHOS,General hospitals,NOMBRENB,Number,GRC,Greece,2006,2006,184,,
HOSPGHOS,General hospitals,NOMBRENB,Number,GRC,Greece,2007,2007,185,,
HOSPGHOS,General hospitals,NOMBRENB,Number,GRC,Greece,2008,2008,186,,
HOSPGHOS,General hospitals,NOMBRENB,Number,GRC,Greece,2009,2009,187,,
HOSPGHOS,General hospitals,NOMBRENB,Number,GRC,Greece,2010,2010,187,,
HOSPGHOS,General hospitals,NOMBRENB,Number,GRC,Greece,2011,2011,190,,
HOSPGHOS,General hospitals,NOMBRENB,Number,GRC,Greece,2012,2012,187,,
HOSPGHOS,General hospitals,NOMBRENB,Number,GRC,Greece,2013,2013,178,,
HOSPGHOS,General hospitals,NOMBRENB,Number,GRC,Greece,2014,2014,176,,
HOSPGHOS,General hospitals,NOMBRENB,Number,GRC,Greece,2015,2015,172,,
HOSPGHOS,General hospitals,NOMBRENB,Number,GRC,Greece,2016,2016,173,,
HOSPGHOS,General hospitals,NOMBRENB,Number,HUN,Hungary,2000,2000,146,,
HOSPGHOS,General hospitals,NOMBRENB,Number,HUN,Hungary,2001,2001,151,,
HOSPGHOS,General hospitals,NOMBRENB,Number,HUN,Hungary,2002,2002,150,,
HOSPGHOS,General hospitals,NOMBRENB,Number,HUN,Hungary,2003,2003,155,,
HOSPGHOS,General hospitals,NOMBRENB,Number,HUN,Hungary,2004,2004,138,,
HOSPGHOS,General hospitals,NOMBRENB,Number,HUN,Hungary,2005,2005,137,,
HOSPGHOS,General hospitals,NOMBRENB,Number,HUN,Hungary,2006,2006,136,,
HOSPGHOS,General hospitals,NOMBRENB,Number,HUN,Hungary,2007,2007,138,,
HOSPGHOS,General hospitals,NOMBRENB,Number,HUN,Hungary,2008,2008,149,,
HOSPGHOS,General hospitals,NOMBRENB,Number,HUN,Hungary,2009,2009,148,,
HOSPGHOS,General hospitals,NOMBRENB,Number,HUN,Hungary,2010,2010,149,,
HOSPGHOS,General hospitals,NOMBRENB,Number,HUN,Hungary,2011,2011,146,,
HOSPGHOS,General hospitals,NOMBRENB,Number,ISL,Iceland,2000,2000,10,,
HOSPGHOS,General hospitals,NOMBRENB,Number,ISL,Iceland,2001,2001,9,,
HOSPGHOS,General hospitals,NOMBRENB,Number,ISL,Iceland,2002,2002,9,,
HOSPGHOS,General hospitals,NOMBRENB,Number,ISL,Iceland,2003,2003,9,,
HOSPGHOS,General hospitals,NOMBRENB,Number,ISL,Iceland,2004,2004,9,,
HOSPGHOS,General hospitals,NOMBRENB,Number,ISL,Iceland,2005,2005,9,,
HOSPGHOS,General hospitals,NOMBRENB,Number,ISL,Iceland,2007,2007,9,,
HOSPGHOS,General hospitals,NOMBRENB,Number,ISL,Iceland,2008,2008,9,,
HOSPGHOS,General hospitals,NOMBRENB,Number,ISL,Iceland,2009,2009,9,,
HOSPGHOS,General hospitals,NOMBRENB,Number,ISL,Iceland,2010,2010,9,,
HOSPGHOS,General hospitals,NOMBRENB,Number,ISL,Iceland,2011,2011,8,,
HOSPGHOS,General hospitals,NOMBRENB,Number,ISL,Iceland,2012,2012,8,,
HOSPGHOS,General hospitals,NOMBRENB,Number,ISL,Iceland,2013,2013,8,,
HOSPGHOS,General hospitals,NOMBRENB,Number,ISL,Iceland,2014,2014,8,,
HOSPGHOS,General hospitals,NOMBRENB,Number,ISL,Iceland,2015,2015,8,,
HOSPGHOS,General hospitals,NOMBRENB,Number,ISL,Iceland,2016,2016,8,,
HOSPGHOS,General hospitals,NOMBRENB,Number,ISL,Iceland,2017,2017,8,,
HOSPGHOS,General hospitals,NOMBRENB,Number,IRL,Ireland,2000,2000,53,,
HOSPGHOS,General hospitals,NOMBRENB,Number,IRL,Ireland,2001,2001,53,,
HOSPGHOS,General hospitals,NOMBRENB,Number,IRL,Ireland,2002,2002,53,,
HOSPGHOS,General hospitals,NOMBRENB,Number,IRL,Ireland,2003,2003,53,,
HOSPGHOS,General hospitals,NOMBRENB,Number,IRL,Ireland,2004,2004,54,,
HOSPGHOS,General hospitals,NOMBRENB,Number,IRL,Ireland,2005,2005,54,,
HOSPGHOS,General hospitals,NOMBRENB,Number,IRL,Ireland,2006,2006,53,,
HOSPGHOS,General hospitals,NOMBRENB,Number,IRL,Ireland,2007,2007,52,,
HOSPGHOS,General hospitals,NOMBRENB,Number,IRL,Ireland,2008,2008,52,,
HOSPGHOS,General hospitals,NOMBRENB,Number,IRL,Ireland,2009,2009,57,B,Break
HOSPGHOS,General hospitals,NOMBRENB,Number,IRL,Ireland,2010,2010,56,,
HOSPGHOS,General hospitals,NOMBRENB,Number,IRL,Ireland,2011,2011,56,,
HOSPGHOS,General hospitals,NOMBRENB,Number,IRL,Ireland,2012,2012,55,,
HOSPGHOS,General hospitals,NOMBRENB,Number,IRL,Ireland,2016,2016,56,,
HOSPGHOS,General hospitals,NOMBRENB,Number,ITA,Italy,2000,2000,1150,,
HOSPGHOS,General hospitals,NOMBRENB,Number,ITA,Italy,2001,2001,1144,,
HOSPGHOS,General hospitals,NOMBRENB,Number,ITA,Italy,2002,2002,1138,,
HOSPGHOS,General hospitals,NOMBRENB,Number,ITA,Italy,2003,2003,1108,,
HOSPGHOS,General hospitals,NOMBRENB,Number,ITA,Italy,2004,2004,1106,B,Break
HOSPGHOS,General hospitals,NOMBRENB,Number,ITA,Italy,2005,2005,1123,,
HOSPGHOS,General hospitals,NOMBRENB,Number,ITA,Italy,2006,2006,1120,,
HOSPGHOS,General hospitals,NOMBRENB,Number,ITA,Italy,2007,2007,1134,,
HOSPGHOS,General hospitals,NOMBRENB,Number,ITA,Italy,2008,2008,1094,B,Break
HOSPGHOS,General hospitals,NOMBRENB,Number,ITA,Italy,2009,2009,1081,,
HOSPGHOS,General hospitals,NOMBRENB,Number,ITA,Italy,2010,2010,1076,,
HOSPGHOS,General hospitals,NOMBRENB,Number,ITA,Italy,2011,2011,1024,,
HOSPGHOS,General hospitals,NOMBRENB,Number,ITA,Italy,2012,2012,1002,,
HOSPGHOS,General hospitals,NOMBRENB,Number,ITA,Italy,2013,2013,980,,
HOSPGHOS,General hospitals,NOMBRENB,Number,ITA,Italy,2014,2014,957,,
HOSPGHOS,General hospitals,NOMBRENB,Number,ITA,Italy,2015,2015,949,,
HOSPGHOS,General hospitals,NOMBRENB,Number,JPN,Japan,2000,2000,8205,,
HOSPGHOS,General hospitals,NOMBRENB,Number,JPN,Japan,2001,2001,8171,,
HOSPGHOS,General hospitals,NOMBRENB,Number,JPN,Japan,2002,2002,8116,,
HOSPGHOS,General hospitals,NOMBRENB,Number,JPN,Japan,2003,2003,8047,,
HOSPGHOS,General hospitals,NOMBRENB,Number,JPN,Japan,2004,2004,7999,,
HOSPGHOS,General hospitals,NOMBRENB,Number,JPN,Japan,2005,2005,7952,,
HOSPGHOS,General hospitals,NOMBRENB,Number,JPN,Japan,2006,2006,7870,,
HOSPGHOS,General hospitals,NOMBRENB,Number,JPN,Japan,2007,2007,7785,,
HOSPGHOS,General hospitals,NOMBRENB,Number,JPN,Japan,2008,2008,7714,,
HOSPGHOS,General hospitals,NOMBRENB,Number,JPN,Japan,2009,2009,7655,,
HOSPGHOS,General hospitals,NOMBRENB,Number,JPN,Japan,2010,2010,7587,,
HOSPGHOS,General hospitals,NOMBRENB,Number,JPN,Japan,2011,2011,7528,,
HOSPGHOS,General hospitals,NOMBRENB,Number,JPN,Japan,2012,2012,7493,,
HOSPGHOS,General hospitals,NOMBRENB,Number,JPN,Japan,2013,2013,7474,,
HOSPGHOS,General hospitals,NOMBRENB,Number,JPN,Japan,2014,2014,7426,,
HOSPGHOS,General hospitals,NOMBRENB,Number,JPN,Japan,2015,2015,7416,,
HOSPGHOS,General hospitals,NOMBRENB,Number,JPN,Japan,2016,2016,7380,,
HOSPGHOS,General hospitals,NOMBRENB,Number,KOR,Korea,2000,2000,866,,
HOSPGHOS,General hospitals,NOMBRENB,Number,KOR,Korea,2001,2001,867,,
HOSPGHOS,General hospitals,NOMBRENB,Number,KOR,Korea,2002,2002,975,,
HOSPGHOS,General hospitals,NOMBRENB,Number,KOR,Korea,2003,2003,1013,,
HOSPGHOS,General hospitals,NOMBRENB,Number,KOR,Korea,2004,2004,1045,,
HOSPGHOS,General hospitals,NOMBRENB,Number,KOR,Korea,2005,2005,1084,,
HOSPGHOS,General hospitals,NOMBRENB,Number,KOR,Korea,2006,2006,1145,,
HOSPGHOS,General hospitals,NOMBRENB,Number,KOR,Korea,2007,2007,1247,,
HOSPGHOS,General hospitals,NOMBRENB,Number,KOR,Korea,2008,2008,1377,,
HOSPGHOS,General hospitals,NOMBRENB,Number,KOR,Korea,2009,2009,1441,,
HOSPGHOS,General hospitals,NOMBRENB,Number,KOR,Korea,2010,2010,1466,,
HOSPGHOS,General hospitals,NOMBRENB,Number,KOR,Korea,2011,2011,1564,,
HOSPGHOS,General hospitals,NOMBRENB,Number,KOR,Korea,2012,2012,1650,,
HOSPGHOS,General hospitals,NOMBRENB,Number,KOR,Korea,2013,2013,1655,,
HOSPGHOS,General hospitals,NOMBRENB,Number,KOR,Korea,2014,2014,1757,,
HOSPGHOS,General hospitals,NOMBRENB,Number,KOR,Korea,2015,2015,1829,,
HOSPGHOS,General hospitals,NOMBRENB,Number,KOR,Korea,2016,2016,1851,,
HOSPGHOS,General hospitals,NOMBRENB,Number,LUX,Luxembourg,2005,2005,6,,
HOSPGHOS,General hospitals,NOMBRENB,Number,LUX,Luxembourg,2006,2006,6,,
HOSPGHOS,General hospitals,NOMBRENB,Number,LUX,Luxembourg,2007,2007,5,,
HOSPGHOS,General hospitals,NOMBRENB,Number,LUX,Luxembourg,2008,2008,5,,
HOSPGHOS,General hospitals,NOMBRENB,Number,LUX,Luxembourg,2009,2009,5,,
HOSPGHOS,General hospitals,NOMBRENB,Number,LUX,Luxembourg,2010,2010,5,,
HOSPGHOS,General hospitals,NOMBRENB,Number,LUX,Luxembourg,2011,2011,5,,
HOSPGHOS,General hospitals,NOMBRENB,Number,LUX,Luxembourg,2012,2012,5,,
HOSPGHOS,General hospitals,NOMBRENB,Number,LUX,Luxembourg,2013,2013,5,,
HOSPGHOS,General hospitals,NOMBRENB,Number,LUX,Luxembourg,2014,2014,5,,
HOSPGHOS,General hospitals,NOMBRENB,Number,LUX,Luxembourg,2015,2015,5,,
HOSPGHOS,General hospitals,NOMBRENB,Number,LUX,Luxembourg,2016,2016,5,,
HOSPGHOS,General hospitals,NOMBRENB,Number,LUX,Luxembourg,2017,2017,4,,
HOSPGHOS,General hospitals,NOMBRENB,Number,NLD,Netherlands,2000,2000,110,,
HOSPGHOS,General hospitals,NOMBRENB,Number,NLD,Netherlands,2001,2001,106,,
HOSPGHOS,General hospitals,NOMBRENB,Number,NLD,Netherlands,2002,2002,107,,
HOSPGHOS,General hospitals,NOMBRENB,Number,NLD,Netherlands,2003,2003,106,,
HOSPGHOS,General hospitals,NOMBRENB,Number,NLD,Netherlands,2004,2004,106,,
HOSPGHOS,General hospitals,NOMBRENB,Number,NLD,Netherlands,2005,2005,105,,
HOSPGHOS,General hospitals,NOMBRENB,Number,NLD,Netherlands,2006,2006,104,,
HOSPGHOS,General hospitals,NOMBRENB,Number,NLD,Netherlands,2007,2007,104,,
HOSPGHOS,General hospitals,NOMBRENB,Number,NLD,Netherlands,2008,2008,103,,
HOSPGHOS,General hospitals,NOMBRENB,Number,NLD,Netherlands,2009,2009,102,,
HOSPGHOS,General hospitals,NOMBRENB,Number,NLD,Netherlands,2010,2010,102,,
HOSPGHOS,General hospitals,NOMBRENB,Number,NLD,Netherlands,2011,2011,99,,
HOSPGHOS,General hospitals,NOMBRENB,Number,NLD,Netherlands,2012,2012,99,,
HOSPGHOS,General hospitals,NOMBRENB,Number,NLD,Netherlands,2013,2013,100,,
HOSPGHOS,General hospitals,NOMBRENB,Number,NLD,Netherlands,2014,2014,100,,
HOSPGHOS,General hospitals,NOMBRENB,Number,NLD,Netherlands,2015,2015,81,,
HOSPGHOS,General hospitals,NOMBRENB,Number,NLD,Netherlands,2016,2016,78,,
HOSPGHOS,General hospitals,NOMBRENB,Number,NZL,New Zealand,2009,2009,68,,
HOSPGHOS,General hospitals,NOMBRENB,Number,NZL,New Zealand,2010,2010,67,,
HOSPGHOS,General hospitals,NOMBRENB,Number,NZL,New Zealand,2011,2011,67,,
HOSPGHOS,General hospitals,NOMBRENB,Number,NZL,New Zealand,2012,2012,59,,
HOSPGHOS,General hospitals,NOMBRENB,Number,NZL,New Zealand,2013,2013,59,,
HOSPGHOS,General hospitals,NOMBRENB,Number,NZL,New Zealand,2014,2014,59,,
HOSPGHOS,General hospitals,NOMBRENB,Number,NZL,New Zealand,2015,2015,58,,
HOSPGHOS,General hospitals,NOMBRENB,Number,NZL,New Zealand,2016,2016,53,,
HOSPGHOS,General hospitals,NOMBRENB,Number,NZL,New Zealand,2017,2017,53,,
HOSPGHOS,General hospitals,NOMBRENB,Number,NOR,Norway,2000,2000,60,,
HOSPGHOS,General hospitals,NOMBRENB,Number,POL,Poland,2004,2004,832,,
HOSPGHOS,General hospitals,NOMBRENB,Number,POL,Poland,2005,2005,824,,
HOSPGHOS,General hospitals,NOMBRENB,Number,POL,Poland,2006,2006,785,,
HOSPGHOS,General hospitals,NOMBRENB,Number,POL,Poland,2007,2007,790,,
HOSPGHOS,General hospitals,NOMBRENB,Number,POL,Poland,2008,2008,774,,
HOSPGHOS,General hospitals,NOMBRENB,Number,POL,Poland,2009,2009,795,,
HOSPGHOS,General hospitals,NOMBRENB,Number,POL,Poland,2010,2010,836,,
HOSPGHOS,General hospitals,NOMBRENB,Number,POL,Poland,2011,2011,853,,
HOSPGHOS,General hospitals,NOMBRENB,Number,POL,Poland,2012,2012,926,B,Break
HOSPGHOS,General hospitals,NOMBRENB,Number,POL,Poland,2013,2013,979,,
HOSPGHOS,General hospitals,NOMBRENB,Number,POL,Poland,2014,2014,992,,
HOSPGHOS,General hospitals,NOMBRENB,Number,POL,Poland,2015,2015,967,,
HOSPGHOS,General hospitals,NOMBRENB,Number,POL,Poland,2016,2016,968,,
HOSPGHOS,General hospitals,NOMBRENB,Number,PRT,Portugal,2000,2000,158,,
HOSPGHOS,General hospitals,NOMBRENB,Number,PRT,Portugal,2001,2001,157,,
HOSPGHOS,General hospitals,NOMBRENB,Number,PRT,Portugal,2002,2002,157,,
HOSPGHOS,General hospitals,NOMBRENB,Number,PRT,Portugal,2003,2003,160,,
HOSPGHOS,General hospitals,NOMBRENB,Number,PRT,Portugal,2004,2004,160,,
HOSPGHOS,General hospitals,NOMBRENB,Number,PRT,Portugal,2005,2005,160,,
HOSPGHOS,General hospitals,NOMBRENB,Number,PRT,Portugal,2006,2006,160,,
HOSPGHOS,General hospitals,NOMBRENB,Number,PRT,Portugal,2007,2007,166,,
HOSPGHOS,General hospitals,NOMBRENB,Number,PRT,Portugal,2008,2008,169,,
HOSPGHOS,General hospitals,NOMBRENB,Number,PRT,Portugal,2009,2009,170,,
HOSPGHOS,General hospitals,NOMBRENB,Number,PRT,Portugal,2010,2010,170,,
HOSPGHOS,General hospitals,NOMBRENB,Number,PRT,Portugal,2011,2011,164,,
HOSPGHOS,General hospitals,NOMBRENB,Number,PRT,Portugal,2012,2012,170,,
HOSPGHOS,General hospitals,NOMBRENB,Number,PRT,Portugal,2013,2013,168,,
HOSPGHOS,General hospitals,NOMBRENB,Number,PRT,Portugal,2014,2014,169,,
HOSPGHOS,General hospitals,NOMBRENB,Number,PRT,Portugal,2015,2015,169,,
HOSPGHOS,General hospitals,NOMBRENB,Number,PRT,Portugal,2016,2016,171,,
HOSPGHOS,General hospitals,NOMBRENB,Number,SVK,Slovak Republic,2000,2000,98,,
HOSPGHOS,General hospitals,NOMBRENB,Number,SVK,Slovak Republic,2001,2001,95,,
HOSPGHOS,General hospitals,NOMBRENB,Number,SVK,Slovak Republic,2002,2002,95,,
HOSPGHOS,General hospitals,NOMBRENB,Number,SVK,Slovak Republic,2003,2003,96,,
HOSPGHOS,General hospitals,NOMBRENB,Number,SVK,Slovak Republic,2004,2004,97,,
HOSPGHOS,General hospitals,NOMBRENB,Number,SVK,Slovak Republic,2005,2005,83,B,Break
HOSPGHOS,General hospitals,NOMBRENB,Number,SVK,Slovak Republic,2006,2006,79,,
HOSPGHOS,General hospitals,NOMBRENB,Number,SVK,Slovak Republic,2007,2007,80,,
HOSPGHOS,General hospitals,NOMBRENB,Number,SVK,Slovak Republic,2008,2008,73,,
HOSPGHOS,General hospitals,NOMBRENB,Number,SVK,Slovak Republic,2009,2009,76,,
HOSPGHOS,General hospitals,NOMBRENB,Number,SVK,Slovak Republic,2010,2010,76,,
HOSPGHOS,General hospitals,NOMBRENB,Number,SVK,Slovak Republic,2011,2011,76,,
HOSPGHOS,General hospitals,NOMBRENB,Number,SVK,Slovak Republic,2012,2012,74,,
HOSPGHOS,General hospitals,NOMBRENB,Number,SVK,Slovak Republic,2013,2013,74,,
HOSPGHOS,General hospitals,NOMBRENB,Number,SVK,Slovak Republic,2014,2014,73,,
HOSPGHOS,General hospitals,NOMBRENB,Number,SVK,Slovak Republic,2015,2015,73,,
HOSPGHOS,General hospitals,NOMBRENB,Number,SVK,Slovak Republic,2016,2016,73,,
HOSPGHOS,General hospitals,NOMBRENB,Number,ESP,Spain,2000,2000,586,,
HOSPGHOS,General hospitals,NOMBRENB,Number,ESP,Spain,2001,2001,565,,
HOSPGHOS,General hospitals,NOMBRENB,Number,ESP,Spain,2002,2002,559,,
HOSPGHOS,General hospitals,NOMBRENB,Number,ESP,Spain,2003,2003,545,,
HOSPGHOS,General hospitals,NOMBRENB,Number,ESP,Spain,2004,2004,546,,
HOSPGHOS,General hospitals,NOMBRENB,Number,ESP,Spain,2005,2005,544,,
HOSPGHOS,General hospitals,NOMBRENB,Number,ESP,Spain,2006,2006,548,,
HOSPGHOS,General hospitals,NOMBRENB,Number,ESP,Spain,2007,2007,559,,
HOSPGHOS,General hospitals,NOMBRENB,Number,ESP,Spain,2008,2008,557,,
HOSPGHOS,General hospitals,NOMBRENB,Number,ESP,Spain,2009,2009,563,,
HOSPGHOS,General hospitals,NOMBRENB,Number,ESP,Spain,2010,2010,549,B,Break
HOSPGHOS,General hospitals,NOMBRENB,Number,ESP,Spain,2011,2011,553,,
HOSPGHOS,General hospitals,NOMBRENB,Number,ESP,Spain,2012,2012,552,,
HOSPGHOS,General hospitals,NOMBRENB,Number,ESP,Spain,2013,2013,556,,
HOSPGHOS,General hospitals,NOMBRENB,Number,ESP,Spain,2014,2014,557,,
HOSPGHOS,General hospitals,NOMBRENB,Number,ESP,Spain,2015,2015,558,,
HOSPGHOS,General hospitals,NOMBRENB,Number,ESP,Spain,2016,2016,557,,
HOSPGHOS,General hospitals,NOMBRENB,Number,SWE,Sweden,2000,2000,80,,
HOSPGHOS,General hospitals,NOMBRENB,Number,SWE,Sweden,2001,2001,76,,
HOSPGHOS,General hospitals,NOMBRENB,Number,SWE,Sweden,2002,2002,77,,
HOSPGHOS,General hospitals,NOMBRENB,Number,SWE,Sweden,2003,2003,78,,
HOSPGHOS,General hospitals,NOMBRENB,Number,CHE,Switzerland,2000,2000,230,,
HOSPGHOS,General hospitals,NOMBRENB,Number,CHE,Switzerland,2001,2001,220,,
HOSPGHOS,General hospitals,NOMBRENB,Number,CHE,Switzerland,2002,2002,218,,
HOSPGHOS,General hospitals,NOMBRENB,Number,CHE,Switzerland,2003,2003,207,,
HOSPGHOS,General hospitals,NOMBRENB,Number,CHE,Switzerland,2004,2004,200,,
HOSPGHOS,General hospitals,NOMBRENB,Number,CHE,Switzerland,2005,2005,192,,
HOSPGHOS,General hospitals,NOMBRENB,Number,CHE,Switzerland,2006,2006,180,,
HOSPGHOS,General hospitals,NOMBRENB,Number,CHE,Switzerland,2007,2007,171,,
HOSPGHOS,General hospitals,NOMBRENB,Number,CHE,Switzerland,2008,2008,169,,
HOSPGHOS,General hospitals,NOMBRENB,Number,CHE,Switzerland,2009,2009,166,,
HOSPGHOS,General hospitals,NOMBRENB,Number,CHE,Switzerland,2010,2010,121,B,Break
HOSPGHOS,General hospitals,NOMBRENB,Number,CHE,Switzerland,2011,2011,120,,
HOSPGHOS,General hospitals,NOMBRENB,Number,CHE,Switzerland,2012,2012,116,,
HOSPGHOS,General hospitals,NOMBRENB,Number,CHE,Switzerland,2013,2013,113,,
HOSPGHOS,General hospitals,NOMBRENB,Number,CHE,Switzerland,2014,2014,108,,
HOSPGHOS,General hospitals,NOMBRENB,Number,CHE,Switzerland,2015,2015,106,,
HOSPGHOS,General hospitals,NOMBRENB,Number,CHE,Switzerland,2016,2016,102,,
HOSPGHOS,General hospitals,NOMBRENB,Number,TUR,Turkey,2000,2000,1023,,
HOSPGHOS,General hospitals,NOMBRENB,Number,TUR,Turkey,2001,2001,1037,,
HOSPGHOS,General hospitals,NOMBRENB,Number,TUR,Turkey,2002,2002,945,,
HOSPGHOS,General hospitals,NOMBRENB,Number,TUR,Turkey,2003,2003,959,,
HOSPGHOS,General hospitals,NOMBRENB,Number,TUR,Turkey,2004,2004,1008,,
HOSPGHOS,General hospitals,NOMBRENB,Number,TUR,Turkey,2005,2005,983,,
HOSPGHOS,General hospitals,NOMBRENB,Number,TUR,Turkey,2006,2006,990,,
HOSPGHOS,General hospitals,NOMBRENB,Number,TUR,Turkey,2007,2007,1098,,
HOSPGHOS,General hospitals,NOMBRENB,Number,TUR,Turkey,2008,2008,1129,,
HOSPGHOS,General hospitals,NOMBRENB,Number,TUR,Turkey,2009,2009,1177,,
HOSPGHOS,General hospitals,NOMBRENB,Number,TUR,Turkey,2010,2010,1224,,
HOSPGHOS,General hospitals,NOMBRENB,Number,TUR,Turkey,2011,2011,1261,,
HOSPGHOS,General hospitals,NOMBRENB,Number,TUR,Turkey,2012,2012,1341,,
HOSPGHOS,General hospitals,NOMBRENB,Number,TUR,Turkey,2013,2013,1377,,
HOSPGHOS,General hospitals,NOMBRENB,Number,TUR,Turkey,2014,2014,1394,,
HOSPGHOS,General hospitals,NOMBRENB,Number,TUR,Turkey,2015,2015,1406,,
HOSPGHOS,General hospitals,NOMBRENB,Number,TUR,Turkey,2016,2016,1385,,
HOSPGHOS,General hospitals,NOMBRENB,Number,GBR,United Kingdom,2012,2012,940,,
HOSPGHOS,General hospitals,NOMBRENB,Number,GBR,United Kingdom,2013,2013,873,,
HOSPGHOS,General hospitals,NOMBRENB,Number,GBR,United Kingdom,2014,2014,843,,
HOSPGHOS,General hospitals,NOMBRENB,Number,GBR,United Kingdom,2015,2015,767,,
HOSPGHOS,General hospitals,NOMBRENB,Number,GBR,United Kingdom,2016,2016,764,,
HOSPGHOS,General hospitals,NOMBRENB,Number,USA,United States,2000,2000,4792,,
HOSPGHOS,General hospitals,NOMBRENB,Number,USA,United States,2001,2001,4766,,
HOSPGHOS,General hospitals,NOMBRENB,Number,USA,United States,2002,2002,4758,,
HOSPGHOS,General hospitals,NOMBRENB,Number,USA,United States,2003,2003,4730,,
HOSPGHOS,General hospitals,NOMBRENB,Number,USA,United States,2004,2004,4718,,
HOSPGHOS,General hospitals,NOMBRENB,Number,USA,United States,2005,2005,4700,,
HOSPGHOS,General hospitals,NOMBRENB,Number,USA,United States,2006,2006,4666,,
HOSPGHOS,General hospitals,NOMBRENB,Number,USA,United States,2007,2007,4664,,
HOSPGHOS,General hospitals,NOMBRENB,Number,USA,United States,2008,2008,4652,,
HOSPGHOS,General hospitals,NOMBRENB,Number,USA,United States,2009,2009,4651,,
HOSPGHOS,General hospitals,NOMBRENB,Number,USA,United States,2010,2010,4602,,
HOSPGHOS,General hospitals,NOMBRENB,Number,USA,United States,2011,2011,4612,,
HOSPGHOS,General hospitals,NOMBRENB,Number,USA,United States,2012,2012,4577,,
HOSPGHOS,General hospitals,NOMBRENB,Number,USA,United States,2013,2013,4560,,
HOSPGHOS,General hospitals,NOMBRENB,Number,USA,United States,2014,2014,4509,,
HOSPGHOS,General hospitals,NOMBRENB,Number,USA,United States,2015,2015,4455,,
HOSPGHOS,General hospitals,NOMBRENB,Number,CHL,Chile,2000,2000,292,,
HOSPGHOS,General hospitals,NOMBRENB,Number,CHL,Chile,2001,2001,304,,
HOSPGHOS,General hospitals,NOMBRENB,Number,CHL,Chile,2002,2002,303,,
HOSPGHOS,General hospitals,NOMBRENB,Number,CHL,Chile,2003,2003,286,,
HOSPGHOS,General hospitals,NOMBRENB,Number,CHL,Chile,2004,2004,289,,
HOSPGHOS,General hospitals,NOMBRENB,Number,CHL,Chile,2005,2005,279,,
HOSPGHOS,General hospitals,NOMBRENB,Number,CHL,Chile,2006,2006,286,,
HOSPGHOS,General hospitals,NOMBRENB,Number,CHL,Chile,2007,2007,286,,
HOSPGHOS,General hospitals,NOMBRENB,Number,CHL,Chile,2008,2008,290,,
HOSPGHOS,General hospitals,NOMBRENB,Number,CHL,Chile,2009,2009,276,,
HOSPGHOS,General hospitals,NOMBRENB,Number,CHL,Chile,2010,2010,291,,
HOSPGHOS,General hospitals,NOMBRENB,Number,CHL,Chile,2011,2011,250,B,Break
HOSPGHOS,General hospitals,NOMBRENB,Number,CHL,Chile,2012,2012,255,,
HOSPGHOS,General hospitals,NOMBRENB,Number,CHL,Chile,2013,2013,263,,
HOSPGHOS,General hospitals,NOMBRENB,Number,CHL,Chile,2014,2014,241,,
HOSPGHOS,General hospitals,NOMBRENB,Number,CHL,Chile,2015,2015,241,,
HOSPGHOS,General hospitals,NOMBRENB,Number,CHL,Chile,2016,2016,245,,
HOSPGHOS,General hospitals,NOMBRENB,Number,EST,Estonia,2000,2000,56,,
HOSPGHOS,General hospitals,NOMBRENB,Number,EST,Estonia,2001,2001,55,,
HOSPGHOS,General hospitals,NOMBRENB,Number,EST,Estonia,2002,2002,37,,
HOSPGHOS,General hospitals,NOMBRENB,Number,EST,Estonia,2003,2003,25,,
HOSPGHOS,General hospitals,NOMBRENB,Number,EST,Estonia,2004,2004,24,,
HOSPGHOS,General hospitals,NOMBRENB,Number,EST,Estonia,2005,2005,25,,
HOSPGHOS,General hospitals,NOMBRENB,Number,EST,Estonia,2006,2006,25,,
HOSPGHOS,General hospitals,NOMBRENB,Number,EST,Estonia,2007,2007,24,,
HOSPGHOS,General hospitals,NOMBRENB,Number,EST,Estonia,2008,2008,24,,
HOSPGHOS,General hospitals,NOMBRENB,Number,EST,Estonia,2009,2009,24,,
HOSPGHOS,General hospitals,NOMBRENB,Number,EST,Estonia,2010,2010,24,,
HOSPGHOS,General hospitals,NOMBRENB,Number,EST,Estonia,2011,2011,23,,
HOSPGHOS,General hospitals,NOMBRENB,Number,EST,Estonia,2012,2012,22,,
HOSPGHOS,General hospitals,NOMBRENB,Number,EST,Estonia,2013,2013,22,,
HOSPGHOS,General hospitals,NOMBRENB,Number,EST,Estonia,2014,2014,21,,
HOSPGHOS,General hospitals,NOMBRENB,Number,EST,Estonia,2015,2015,21,,
HOSPGHOS,General hospitals,NOMBRENB,Number,EST,Estonia,2016,2016,21,,
HOSPGHOS,General hospitals,NOMBRENB,Number,ISR,Israel,2000,2000,48,,
HOSPGHOS,General hospitals,NOMBRENB,Number,ISR,Israel,2001,2001,48,,
HOSPGHOS,General hospitals,NOMBRENB,Number,ISR,Israel,2002,2002,48,,
HOSPGHOS,General hospitals,NOMBRENB,Number,ISR,Israel,2003,2003,47,,
HOSPGHOS,General hospitals,NOMBRENB,Number,ISR,Israel,2004,2004,47,,
HOSPGHOS,General hospitals,NOMBRENB,Number,ISR,Israel,2005,2005,46,,
HOSPGHOS,General hospitals,NOMBRENB,Number,ISR,Israel,2006,2006,45,,
HOSPGHOS,General hospitals,NOMBRENB,Number,ISR,Israel,2007,2007,46,,
HOSPGHOS,General hospitals,NOMBRENB,Number,ISR,Israel,2008,2008,46,,
HOSPGHOS,General hospitals,NOMBRENB,Number,ISR,Israel,2009,2009,45,,
HOSPGHOS,General hospitals,NOMBRENB,Number,ISR,Israel,2010,2010,46,,
HOSPGHOS,General hospitals,NOMBRENB,Number,ISR,Israel,2011,2011,46,,
HOSPGHOS,General hospitals,NOMBRENB,Number,ISR,Israel,2012,2012,45,,
HOSPGHOS,General hospitals,NOMBRENB,Number,ISR,Israel,2013,2013,45,,
HOSPGHOS,General hospitals,NOMBRENB,Number,ISR,Israel,2014,2014,44,,
HOSPGHOS,General hospitals,NOMBRENB,Number,ISR,Israel,2015,2015,44,,
HOSPGHOS,General hospitals,NOMBRENB,Number,ISR,Israel,2016,2016,44,,
HOSPGHOS,General hospitals,NOMBRENB,Number,ISR,Israel,2017,2017,45,,
HOSPGHOS,General hospitals,NOMBRENB,Number,SVN,Slovenia,2010,2010,12,,
HOSPGHOS,General hospitals,NOMBRENB,Number,SVN,Slovenia,2011,2011,12,,
HOSPGHOS,General hospitals,NOMBRENB,Number,SVN,Slovenia,2012,2012,12,,
HOSPGHOS,General hospitals,NOMBRENB,Number,SVN,Slovenia,2013,2013,12,,
HOSPGHOS,General hospitals,NOMBRENB,Number,SVN,Slovenia,2014,2014,12,,
HOSPGHOS,General hospitals,NOMBRENB,Number,SVN,Slovenia,2015,2015,12,,
HOSPGHOS,General hospitals,NOMBRENB,Number,SVN,Slovenia,2016,2016,12,,
HOSPGHOS,General hospitals,NOMBRENB,Number,SVN,Slovenia,2017,2017,12,,
HOSPGHOS,General hospitals,NBMILPNB,Per million population,AUS,Australia,2000,2000,53.66,,
HOSPGHOS,General hospitals,NBMILPNB,Per million population,AUS,Australia,2001,2001,52.87,,
HOSPGHOS,General hospitals,NBMILPNB,Per million population,AUS,Australia,2002,2002,51.96,,
HOSPGHOS,General hospitals,NBMILPNB,Per million population,AUS,Australia,2003,2003,51.72,,
HOSPGHOS,General hospitals,NBMILPNB,Per million population,AUS,Australia,2004,2004,51.02,,
HOSPGHOS,General hospitals,NBMILPNB,Per million population,AUS,Australia,2005,2005,50.45,,
HOSPGHOS,General hospitals,NBMILPNB,Per million population,AUS,Australia,2006,2006,49.78,,
HOSPGHOS,General hospitals,NBMILPNB,Per million population,AUS,Australia,2008,2008,47.3,,
HOSPGHOS,General hospitals,NBMILPNB,Per million population,AUS,Australia,2009,2009,46.65,,
HOSPGHOS,General hospitals,NBMILPNB,Per million population,AUS,Australia,2010,2010,44.75,B,Break
HOSPGHOS,General hospitals,NBMILPNB,Per million population,AUS,Australia,2011,2011,44.23,,
HOSPGHOS,General hospitals,NBMILPNB,Per million population,AUS,Australia,2012,2012,43.22,,
HOSPGHOS,General hospitals,NBMILPNB,Per million population,AUS,Australia,2013,2013,42.56,,
HOSPGHOS,General hospitals,NBMILPNB,Per million population,AUS,Australia,2014,2014,39.48,,
HOSPGHOS,General hospitals,NBMILPNB,Per million population,AUS,Australia,2015,2015,39.29,,
HOSPGHOS,General hospitals,NBMILPNB,Per million population,AUT,Austria,2000,2000,17.6,,
HOSPGHOS,General hospitals,NBMILPNB,Per million population,AUT,Austria,2001,2001,17.53,,
HOSPGHOS,General hospitals,NBMILPNB,Per million population,AUT,Austria,2002,2002,17.32,,
HOSPGHOS,General hospitals,NBMILPNB,Per million population,AUT,Austria,2003,2003,17.12,,
HOSPGHOS,General hospitals,NBMILPNB,Per million population,AUT,Austria,2004,2004,16.89,,
HOSPGHOS,General hospitals,NBMILPNB,Per million population,AUT,Austria,2005,2005,16.53,,
HOSPGHOS,General hospitals,NBMILPNB,Per million population,AUT,Austria,2006,2006,15.96,,
HOSPGHOS,General hospitals,NBMILPNB,Per million population,AUT,Austria,2007,2007,15.91,,
HOSPGHOS,General hospitals,NBMILPNB,Per million population,AUT,Austria,2008,2008,15.74,,
HOSPGHOS,General hospitals,NBMILPNB,Per million population,AUT,Austria,2009,2009,15.58,,
HOSPGHOS,General hospitals,NBMILPNB,Per million population,AUT,Austria,2010,2010,15.42,,
HOSPGHOS,General hospitals,NBMILPNB,Per million population,AUT,Austria,2011,2011,15.25,,
HOSPGHOS,General hospitals,NBMILPNB,Per million population,AUT,Austria,2012,2012,15.07,,
HOSPGHOS,General hospitals,NBMILPNB,Per million population,AUT,Austria,2013,2013,14.62,,
HOSPGHOS,General hospitals,NBMILPNB,Per million population,AUT,Austria,2014,2014,14.28,,
HOSPGHOS,General hospitals,NBMILPNB,Per million population,AUT,Austria,2015,2015,13.77,,
HOSPGHOS,General hospitals,NBMILPNB,Per million population,AUT,Austria,2016,2016,13.51,,
HOSPGHOS,General hospitals,NBMILPNB,Per million population,BEL,Belgium,2000,2000,15.61,,
HOSPGHOS,General hospitals,NBMILPNB,Per million population,BEL,Belgium,2001,2001,15.26,,
HOSPGHOS,General hospitals,NBMILPNB,Per million population,BEL,Belgium,2002,2002,14.71,,
HOSPGHOS,General hospitals,NBMILPNB,Per million population,BEL,Belgium,2003,2003,14.36,,
HOSPGHOS,General hospitals,NBMILPNB,Per million population,BEL,Belgium,2004,2004,14.01,,
HOSPGHOS,General hospitals,NBMILPNB,Per million population,BEL,Belgium,2005,2005,14.03,,
HOSPGHOS,General hospitals,NBMILPNB,Per million population,BEL,Belgium,2006,2006,13.84,,
HOSPGHOS,General hospitals,NBMILPNB,Per million population,BEL,Belgium,2007,2007,13.36,,
HOSPGHOS,General hospitals,NBMILPNB,Per million population,BEL,Belgium,2008,2008,13.17,,
HOSPGHOS,General hospitals,NBMILPNB,Per million population,BEL,Belgium,2009,2009,12.6,,
HOSPGHOS,General hospitals,NBMILPNB,Per million population,BEL,Belgium,2010,2010,12.02,,
HOSPGHOS,General hospitals,NBMILPNB,Per million population,BEL,Belgium,2011,2011,11.6,,
HOSPGHOS,General hospitals,NBMILPNB,Per million population,BEL,Belgium,2012,2012,11.52,,
HOSPGHOS,General hospitals,NBMILPNB,Per million population,BEL,Belgium,2013,2013,11.38,,
HOSPGHOS,General hospitals,NBMILPNB,Per million population,BEL,Belgium,2014,2014,11.06,,
HOSPGHOS,General hospitals,NBMILPNB,Per million population,BEL,Belgium,2015,2015,10.29,,
HOSPGHOS,General hospitals,NBMILPNB,Per million population,BEL,Belgium,2016,2016,10.15,,
HOSPGHOS,General hospitals,NBMILPNB,Per million population,BEL,Belgium,2017,2017,10.13,,
HOSPGHOS,General hospitals,NBMILPNB,Per million population,CAN,Canada,2006,2006,17.84,,
HOSPGHOS,General hospitals,NBMILPNB,Per million population,CAN,Canada,2007,2007,15.9,,
HOSPGHOS,General hospitals,NBMILPNB,Per million population,CAN,Canada,2008,2008,14.8,,
HOSPGHOS,General hospitals,NBMILPNB,Per million population,CAN,Canada,2009,2009,14.75,,
HOSPGHOS,General hospitals,NBMILPNB,Per million population,CAN,Canada,2010,2010,13.88,,
HOSPGHOS,General hospitals,NBMILPNB,Per million population,CAN,Canada,2011,2011,14.01,,
HOSPGHOS,General hospitals,NBMILPNB,Per million population,CAN,Canada,2012,2012,13.81,,
HOSPGHOS,General hospitals,NBMILPNB,Per million population,CAN,Canada,2013,2013,13.57,,
HOSPGHOS,General hospitals,NBMILPNB,Per million population,CAN,Canada,2014,2014,13.54,,
HOSPGHOS,General hospitals,NBMILPNB,Per million population,CAN,Canada,2015,2015,13.34,,
HOSPGHOS,General hospitals,NBMILPNB,Per million population,CAN,Canada,2016,2016,13.37,,
HOSPGHOS,General hospitals,NBMILPNB,Per million population,CZE,Czech Republic,2005,2005,16.55,,
HOSPGHOS,General hospitals,NBMILPNB,Per million population,CZE,Czech Republic,2006,2006,16.02,,
HOSPGHOS,General hospitals,NBMILPNB,Per million population,CZE,Czech Republic,2007,2007,16.02,,
HOSPGHOS,General hospitals,NBMILPNB,Per million population,CZE,Czech Republic,2008,2008,15.79,,
HOSPGHOS,General hospitals,NBMILPNB,Per million population,CZE,Czech Republic,2009,2009,15.8,,
HOSPGHOS,General hospitals,NBMILPNB,Per million population,CZE,Czech Republic,2010,2010,15.28,,
HOSPGHOS,General hospitals,NBMILPNB,Per million population,CZE,Czech Republic,2011,2011,14.86,,
HOSPGHOS,General hospitals,NBMILPNB,Per million population,CZE,Czech Republic,2012,2012,14.84,,
HOSPGHOS,General hospitals,NBMILPNB,Per million population,CZE,Czech Republic,2013,2013,14.84,,
HOSPGHOS,General hospitals,NBMILPNB,Per million population,CZE,Czech Republic,2014,2014,14.73,,
HOSPGHOS,General hospitals,NBMILPNB,Per million population,CZE,Czech Republic,2015,2015,14.7,,
HOSPGHOS,General hospitals,NBMILPNB,Per million population,CZE,Czech Republic,2016,2016,14.39,,
HOSPGHOS,General hospitals,NBMILPNB,Per million population,FIN,Finland,2000,2000,29.94,B,Break
HOSPGHOS,General hospitals,NBMILPNB,Per million population,FIN,Finland,2001,2001,30.07,,
HOSPGHOS,General hospitals,NBMILPNB,Per million population,FIN,Finland,2002,2002,29.61,,
HOSPGHOS,General hospitals,NBMILPNB,Per million population,FIN,Finland,2003,2003,27.82,,
HOSPGHOS,General hospitals,NBMILPNB,Per million population,FIN,Finland,2004,2004,27.93,,
HOSPGHOS,General hospitals,NBMILPNB,Per million population,FIN,Finland,2005,2005,27.64,,
HOSPGHOS,General hospitals,NBMILPNB,Per million population,FIN,Finland,2006,2006,24.88,,
HOSPGHOS,General hospitals,NBMILPNB,Per million population,FIN,Finland,2007,2007,24.77,,
HOSPGHOS,General hospitals,NBMILPNB,Per million population,FIN,Finland,2008,2008,24.47,,
HOSPGHOS,General hospitals,NBMILPNB,Per million population,FIN,Finland,2009,2009,24.54,,
HOSPGHOS,General hospitals,NBMILPNB,Per million population,FIN,Finland,2010,2010,24.98,,
HOSPGHOS,General hospitals,NBMILPNB,Per million population,FIN,Finland,2011,2011,25.61,,
HOSPGHOS,General hospitals,NBMILPNB,Per million population,FIN,Finland,2012,2012,24.57,,
HOSPGHOS,General hospitals,NBMILPNB,Per million population,FIN,Finland,2013,2013,24.09,,
HOSPGHOS,General hospitals,NBMILPNB,Per million population,FIN,Finland,2014,2014,23.44,,
HOSPGHOS,General hospitals,NBMILPNB,Per million population,FIN,Finland,2015,2015,24.27,,
HOSPGHOS,General hospitals,NBMILPNB,Per million population,FIN,Finland,2016,2016,22.75,,
HOSPGHOS,General hospitals,NBMILPNB,Per million population,FRA,France,2000,2000,35.75,,
HOSPGHOS,General hospitals,NBMILPNB,Per million population,FRA,France,2001,2001,35.28,,
HOSPGHOS,General hospitals,NBMILPNB,Per million population,FRA,France,2002,2002,34.83,,
HOSPGHOS,General hospitals,NBMILPNB,Per million population,FRA,France,2003,2003,33.91,,
HOSPGHOS,General hospitals,NBMILPNB,Per million population,FRA,France,2004,2004,33.18,,
HOSPGHOS,General hospitals,NBMILPNB,Per million population,FRA,France,2005,2005,32.63,,
HOSPGHOS,General hospitals,NBMILPNB,Per million population,FRA,France,2006,2006,31.89,,
HOSPGHOS,General hospitals,NBMILPNB,Per million population,FRA,France,2007,2007,31.23,,
HOSPGHOS,General hospitals,NBMILPNB,Per million population,FRA,France,2008,2008,30.38,,
HOSPGHOS,General hospitals,NBMILPNB,Per million population,FRA,France,2009,2009,29.81,,
HOSPGHOS,General hospitals,NBMILPNB,Per million population,FRA,France,2010,2010,29.19,,
HOSPGHOS,General hospitals,NBMILPNB,Per million population,FRA,France,2011,2011,28.8,,
HOSPGHOS,General hospitals,NBMILPNB,Per million population,FRA,France,2012,2012,28.36,,
HOSPGHOS,General hospitals,NBMILPNB,Per million population,FRA,France,2013,2013,30.93,B,Break
HOSPGHOS,General hospitals,NBMILPNB,Per million population,FRA,France,2014,2014,29.95,,
HOSPGHOS,General hospitals,NBMILPNB,Per million population,FRA,France,2015,2015,29.3,,
HOSPGHOS,General hospitals,NBMILPNB,Per million population,FRA,France,2016,2016,28.87,,
HOSPGHOS,General hospitals,NBMILPNB,Per million population,DEU,Germany,2000,2000,24.36,,
HOSPGHOS,General hospitals,NBMILPNB,Per million population,DEU,Germany,2001,2001,24.23,,
HOSPGHOS,General hospitals,NBMILPNB,Per million population,DEU,Germany,2002,2002,23.01,,
HOSPGHOS,General hospitals,NBMILPNB,Per million population,DEU,Germany,2003,2003,22.63,,
HOSPGHOS,General hospitals,NBMILPNB,Per million population,DEU,Germany,2004,2004,22.14,,
HOSPGHOS,General hospitals,NBMILPNB,Per million population,DEU,Germany,2005,2005,22.38,,
HOSPGHOS,General hospitals,NBMILPNB,Per million population,DEU,Germany,2006,2006,21.96,,
HOSPGHOS,General hospitals,NBMILPNB,Per million population,DEU,Germany,2007,2007,21.77,,
HOSPGHOS,General hospitals,NBMILPNB,Per million population,DEU,Germany,2008,2008,21.69,,
HOSPGHOS,General hospitals,NBMILPNB,Per million population,DEU,Germany,2009,2009,21.73,,
HOSPGHOS,General hospitals,NBMILPNB,Per million population,DEU,Germany,2010,2010,21.5,,
HOSPGHOS,General hospitals,NBMILPNB,Per million population,DEU,Germany,2011,2011,21.63,,
HOSPGHOS,General hospitals,NBMILPNB,Per million population,DEU,Germany,2012,2012,21.04,,
HOSPGHOS,General hospitals,NBMILPNB,Per million population,DEU,Germany,2013,2013,20.68,,
HOSPGHOS,General hospitals,NBMILPNB,Per million population,DEU,Germany,2014,2014,20.33,,
HOSPGHOS,General hospitals,NBMILPNB,Per million population,DEU,Germany,2015,2015,19.82,,
HOSPGHOS,General hospitals,NBMILPNB,Per million population,DEU,Germany,2016,2016,19.51,,
HOSPGHOS,General hospitals,NBMILPNB,Per million population,GRC,Greece,2000,2000,16.57,,
HOSPGHOS,General hospitals,NBMILPNB,Per million population,GRC,Greece,2001,2001,16.66,,
HOSPGHOS,General hospitals,NBMILPNB,Per million population,GRC,Greece,2002,2002,16.97,,
HOSPGHOS,General hospitals,NBMILPNB,Per million population,GRC,Greece,2003,2003,16.84,,
HOSPGHOS,General hospitals,NBMILPNB,Per million population,GRC,Greece,2004,2004,16.52,,
HOSPGHOS,General hospitals,NBMILPNB,Per million population,GRC,Greece,2005,2005,16.47,,
HOSPGHOS,General hospitals,NBMILPNB,Per million population,GRC,Greece,2006,2006,16.7,,
HOSPGHOS,General hospitals,NBMILPNB,Per million population,GRC,Greece,2007,2007,16.74,,
HOSPGHOS,General hospitals,NBMILPNB,Per million population,GRC,Greece,2008,2008,16.79,,
HOSPGHOS,General hospitals,NBMILPNB,Per million population,GRC,Greece,2009,2009,16.84,,
HOSPGHOS,General hospitals,NBMILPNB,Per million population,GRC,Greece,2010,2010,16.81,,
HOSPGHOS,General hospitals,NBMILPNB,Per million population,GRC,Greece,2011,2011,17.11,,
HOSPGHOS,General hospitals,NBMILPNB,Per million population,GRC,Greece,2012,2012,16.93,,
HOSPGHOS,General hospitals,NBMILPNB,Per million population,GRC,Greece,2013,2013,16.23,,
HOSPGHOS,General hospitals,NBMILPNB,Per million population,GRC,Greece,2014,2014,16.16,,
HOSPGHOS,General hospitals,NBMILPNB,Per million population,GRC,Greece,2015,2015,15.9,,
HOSPGHOS,General hospitals,NBMILPNB,Per million population,GRC,Greece,2016,2016,16.05,,
HOSPGHOS,General hospitals,NBMILPNB,Per million population,HUN,Hungary,2000,2000,14.3,,
HOSPGHOS,General hospitals,NBMILPNB,Per million population,HUN,Hungary,2001,2001,14.82,,
HOSPGHOS,General hospitals,NBMILPNB,Per million population,HUN,Hungary,2002,2002,14.77,,
HOSPGHOS,General hospitals,NBMILPNB,Per million population,HUN,Hungary,2003,2003,15.3,,
HOSPGHOS,General hospitals,NBMILPNB,Per million population,HUN,Hungary,2004,2004,13.65,,
HOSPGHOS,General hospitals,NBMILPNB,Per million population,HUN,Hungary,2005,2005,13.58,,
HOSPGHOS,General hospitals,NBMILPNB,Per million population,HUN,Hungary,2006,2006,13.5,,
HOSPGHOS,General hospitals,NBMILPNB,Per million population,HUN,Hungary,2007,2007,13.72,,
HOSPGHOS,General hospitals,NBMILPNB,Per million population,HUN,Hungary,2008,2008,14.84,,
HOSPGHOS,General hospitals,NBMILPNB,Per million population,HUN,Hungary,2009,2009,14.77,,
HOSPGHOS,General hospitals,NBMILPNB,Per million population,HUN,Hungary,2010,2010,14.9,,
HOSPGHOS,General hospitals,NBMILPNB,Per million population,HUN,Hungary,2011,2011,14.64,,
HOSPGHOS,General hospitals,NBMILPNB,Per million population,ISL,Iceland,2000,2000,35.56,,
HOSPGHOS,General hospitals,NBMILPNB,Per million population,ISL,Iceland,2001,2001,31.58,,
HOSPGHOS,General hospitals,NBMILPNB,Per million population,ISL,Iceland,2002,2002,31.3,,
HOSPGHOS,General hospitals,NBMILPNB,Per million population,ISL,Iceland,2003,2003,31.09,,
HOSPGHOS,General hospitals,NBMILPNB,Per million population,ISL,Iceland,2004,2004,30.81,,
HOSPGHOS,General hospitals,NBMILPNB,Per million population,ISL,Iceland,2005,2005,30.33,,
HOSPGHOS,General hospitals,NBMILPNB,Per million population,ISL,Iceland,2007,2007,28.89,,
HOSPGHOS,General hospitals,NBMILPNB,Per million population,ISL,Iceland,2008,2008,28.35,,
HOSPGHOS,General hospitals,NBMILPNB,Per million population,ISL,Iceland,2009,2009,28.26,,
HOSPGHOS,General hospitals,NBMILPNB,Per million population,ISL,Iceland,2010,2010,28.3,,
HOSPGHOS,General hospitals,NBMILPNB,Per million population,ISL,Iceland,2011,2011,25.08,,
HOSPGHOS,General hospitals,NBMILPNB,Per million population,ISL,Iceland,2012,2012,24.94,,
HOSPGHOS,General hospitals,NBMILPNB,Per million population,ISL,Iceland,2013,2013,24.71,,
HOSPGHOS,General hospitals,NBMILPNB,Per million population,ISL,Iceland,2014,2014,24.44,,
HOSPGHOS,General hospitals,NBMILPNB,Per million population,ISL,Iceland,2015,2015,24.18,,
HOSPGHOS,General hospitals,NBMILPNB,Per million population,ISL,Iceland,2016,2016,23.85,,
HOSPGHOS,General hospitals,NBMILPNB,Per million population,ISL,Iceland,2017,2017,23.64,,
HOSPGHOS,General hospitals,NBMILPNB,Per million population,IRL,Ireland,2000,2000,13.93,,
HOSPGHOS,General hospitals,NBMILPNB,Per million population,IRL,Ireland,2001,2001,13.71,,
HOSPGHOS,General hospitals,NBMILPNB,Per million population,IRL,Ireland,2002,2002,13.48,,
HOSPGHOS,General hospitals,NBMILPNB,Per million population,IRL,Ireland,2003,2003,13.26,,
HOSPGHOS,General hospitals,NBMILPNB,Per million population,IRL,Ireland,2004,2004,13.27,,
HOSPGHOS,General hospitals,NBMILPNB,Per million population,IRL,Ireland,2005,2005,12.98,,
HOSPGHOS,General hospitals,NBMILPNB,Per million population,IRL,Ireland,2006,2006,12.4,,
HOSPGHOS,General hospitals,NBMILPNB,Per million population,IRL,Ireland,2007,2007,11.82,,
HOSPGHOS,General hospitals,NBMILPNB,Per million population,IRL,Ireland,2008,2008,11.58,,
HOSPGHOS,General hospitals,NBMILPNB,Per million population,IRL,Ireland,2009,2009,12.57,B,Break
HOSPGHOS,General hospitals,NBMILPNB,Per million population,IRL,Ireland,2010,2010,12.28,,
HOSPGHOS,General hospitals,NBMILPNB,Per million population,IRL,Ireland,2011,2011,12.23,,
HOSPGHOS,General hospitals,NBMILPNB,Per million population,IRL,Ireland,2012,2012,11.96,,
HOSPGHOS,General hospitals,NBMILPNB,Per million population,IRL,Ireland,2016,2016,11.78,,
HOSPGHOS,General hospitals,NBMILPNB,Per million population,ITA,Italy,2000,2000,20.2,,
HOSPGHOS,General hospitals,NBMILPNB,Per million population,ITA,Italy,2001,2001,20.08,,
HOSPGHOS,General hospitals,NBMILPNB,Per million population,ITA,Italy,2002,2002,19.94,,
HOSPGHOS,General hospitals,NBMILPNB,Per million population,ITA,Italy,2003,2003,19.33,,
HOSPGHOS,General hospitals,NBMILPNB,Per million population,ITA,Italy,2004,2004,19.17,B,Break
HOSPGHOS,General hospitals,NBMILPNB,Per million population,ITA,Italy,2005,2005,19.37,,
HOSPGHOS,General hospitals,NBMILPNB,Per million population,ITA,Italy,2006,2006,19.26,,
HOSPGHOS,General hospitals,NBMILPNB,Per million population,ITA,Italy,2007,2007,19.41,,
HOSPGHOS,General hospitals,NBMILPNB,Per million population,ITA,Italy,2008,2008,18.6,B,Break
HOSPGHOS,General hospitals,NBMILPNB,Per million population,ITA,Italy,2009,2009,18.29,,
HOSPGHOS,General hospitals,NBMILPNB,Per million population,ITA,Italy,2010,2010,18.15,,
HOSPGHOS,General hospitals,NBMILPNB,Per million population,ITA,Italy,2011,2011,17.25,,
HOSPGHOS,General hospitals,NBMILPNB,Per million population,ITA,Italy,2012,2012,16.83,,
HOSPGHOS,General hospitals,NBMILPNB,Per million population,ITA,Italy,2013,2013,16.27,,
HOSPGHOS,General hospitals,NBMILPNB,Per million population,ITA,Italy,2014,2014,15.74,,
HOSPGHOS,General hospitals,NBMILPNB,Per million population,ITA,Italy,2015,2015,15.63,,
HOSPGHOS,General hospitals,NBMILPNB,Per million population,JPN,Japan,2000,2000,64.64,,
HOSPGHOS,General hospitals,NBMILPNB,Per million population,JPN,Japan,2001,2001,64.19,,
HOSPGHOS,General hospitals,NBMILPNB,Per million population,JPN,Japan,2002,2002,63.69,,
HOSPGHOS,General hospitals,NBMILPNB,Per million population,JPN,Japan,2003,2003,63.05,,
HOSPGHOS,General hospitals,NBMILPNB,Per million population,JPN,Japan,2004,2004,62.65,,
HOSPGHOS,General hospitals,NBMILPNB,Per million population,JPN,Japan,2005,2005,62.24,,
HOSPGHOS,General hospitals,NBMILPNB,Per million population,JPN,Japan,2006,2006,61.53,,
HOSPGHOS,General hospitals,NBMILPNB,Per million population,JPN,Japan,2007,2007,60.8,,
HOSPGHOS,General hospitals,NBMILPNB,Per million population,JPN,Japan,2008,2008,60.23,,
HOSPGHOS,General hospitals,NBMILPNB,Per million population,JPN,Japan,2009,2009,59.79,,
HOSPGHOS,General hospitals,NBMILPNB,Per million population,JPN,Japan,2010,2010,59.25,,
HOSPGHOS,General hospitals,NBMILPNB,Per million population,JPN,Japan,2011,2011,58.89,,
HOSPGHOS,General hospitals,NBMILPNB,Per million population,JPN,Japan,2012,2012,58.73,,
HOSPGHOS,General hospitals,NBMILPNB,Per million population,JPN,Japan,2013,2013,58.66,,
HOSPGHOS,General hospitals,NBMILPNB,Per million population,JPN,Japan,2014,2014,58.36,,
HOSPGHOS,General hospitals,NBMILPNB,Per million population,JPN,Japan,2015,2015,58.35,,
HOSPGHOS,General hospitals,NBMILPNB,Per million population,JPN,Japan,2016,2016,58.14,,
HOSPGHOS,General hospitals,NBMILPNB,Per million population,KOR,Korea,2000,2000,18.42,,
HOSPGHOS,General hospitals,NBMILPNB,Per million population,KOR,Korea,2001,2001,18.3,,
HOSPGHOS,General hospitals,NBMILPNB,Per million population,KOR,Korea,2002,2002,20.46,,
HOSPGHOS,General hospitals,NBMILPNB,Per million population,KOR,Korea,2003,2003,21.15,,
HOSPGHOS,General hospitals,NBMILPNB,Per million population,KOR,Korea,2004,2004,21.73,,
HOSPGHOS,General hospitals,NBMILPNB,Per million population,KOR,Korea,2005,2005,22.5,,
HOSPGHOS,General hospitals,NBMILPNB,Per million population,KOR,Korea,2006,2006,23.64,,
HOSPGHOS,General hospitals,NBMILPNB,Per million population,KOR,Korea,2007,2007,25.61,,
HOSPGHOS,General hospitals,NBMILPNB,Per million population,KOR,Korea,2008,2008,28.07,,
HOSPGHOS,General hospitals,NBMILPNB,Per million population,KOR,Korea,2009,2009,29.22,,
HOSPGHOS,General hospitals,NBMILPNB,Per million population,KOR,Korea,2010,2010,29.58,,
HOSPGHOS,General hospitals,NBMILPNB,Per million population,KOR,Korea,2011,2011,31.32,,
HOSPGHOS,General hospitals,NBMILPNB,Per million population,KOR,Korea,2012,2012,32.87,,
HOSPGHOS,General hospitals,NBMILPNB,Per million population,KOR,Korea,2013,2013,32.82,,
HOSPGHOS,General hospitals,NBMILPNB,Per million population,KOR,Korea,2014,2014,34.62,,
HOSPGHOS,General hospitals,NBMILPNB,Per million population,KOR,Korea,2015,2015,35.85,,
HOSPGHOS,General hospitals,NBMILPNB,Per million population,KOR,Korea,2016,2016,36.12,,
HOSPGHOS,General hospitals,NBMILPNB,Per million population,LUX,Luxembourg,2005,2005,12.9,,
HOSPGHOS,General hospitals,NBMILPNB,Per million population,LUX,Luxembourg,2006,2006,12.69,,
HOSPGHOS,General hospitals,NBMILPNB,Per million population,LUX,Luxembourg,2007,2007,10.42,,
HOSPGHOS,General hospitals,NBMILPNB,Per million population,LUX,Luxembourg,2008,2008,10.23,,
HOSPGHOS,General hospitals,NBMILPNB,Per million population,LUX,Luxembourg,2009,2009,10.04,,
HOSPGHOS,General hospitals,NBMILPNB,Per million population,LUX,Luxembourg,2010,2010,9.86,,
HOSPGHOS,General hospitals,NBMILPNB,Per million population,LUX,Luxembourg,2011,2011,9.65,,
HOSPGHOS,General hospitals,NBMILPNB,Per million population,LUX,Luxembourg,2012,2012,9.42,,
HOSPGHOS,General hospitals,NBMILPNB,Per million population,LUX,Luxembourg,2013,2013,9.2,,
HOSPGHOS,General hospitals,NBMILPNB,Per million population,LUX,Luxembourg,2014,2014,8.99,,
HOSPGHOS,General hospitals,NBMILPNB,Per million population,LUX,Luxembourg,2015,2015,8.78,,
HOSPGHOS,General hospitals,NBMILPNB,Per million population,LUX,Luxembourg,2016,2016,8.57,,
HOSPGHOS,General hospitals,NBMILPNB,Per million population,LUX,Luxembourg,2017,2017,6.71,,
HOSPGHOS,General hospitals,NBMILPNB,Per million population,NLD,Netherlands,2000,2000,6.91,,
HOSPGHOS,General hospitals,NBMILPNB,Per million population,NLD,Netherlands,2001,2001,6.61,,
HOSPGHOS,General hospitals,NBMILPNB,Per million population,NLD,Netherlands,2002,2002,6.63,,
HOSPGHOS,General hospitals,NBMILPNB,Per million population,NLD,Netherlands,2003,2003,6.53,,
HOSPGHOS,General hospitals,NBMILPNB,Per million population,NLD,Netherlands,2004,2004,6.51,,
HOSPGHOS,General hospitals,NBMILPNB,Per million population,NLD,Netherlands,2005,2005,6.43,,
HOSPGHOS,General hospitals,NBMILPNB,Per million population,NLD,Netherlands,2006,2006,6.36,,
HOSPGHOS,General hospitals,NBMILPNB,Per million population,NLD,Netherlands,2007,2007,6.35,,
HOSPGHOS,General hospitals,NBMILPNB,Per million population,NLD,Netherlands,2008,2008,6.26,,
HOSPGHOS,General hospitals,NBMILPNB,Per million population,NLD,Netherlands,2009,2009,6.17,,
HOSPGHOS,General hospitals,NBMILPNB,Per million population,NLD,Netherlands,2010,2010,6.14,,
HOSPGHOS,General hospitals,NBMILPNB,Per million population,NLD,Netherlands,2011,2011,5.93,,
HOSPGHOS,General hospitals,NBMILPNB,Per million population,NLD,Netherlands,2012,2012,5.91,,
HOSPGHOS,General hospitals,NBMILPNB,Per million population,NLD,Netherlands,2013,2013,5.95,,
HOSPGHOS,General hospitals,NBMILPNB,Per million population,NLD,Netherlands,2014,2014,5.93,,
HOSPGHOS,General hospitals,NBMILPNB,Per million population,NLD,Netherlands,2015,2015,4.78,,
HOSPGHOS,General hospitals,NBMILPNB,Per million population,NLD,Netherlands,2016,2016,4.58,,
HOSPGHOS,General hospitals,NBMILPNB,Per million population,NZL,New Zealand,2009,2009,15.8,,
HOSPGHOS,General hospitals,NBMILPNB,Per million population,NZL,New Zealand,2010,2010,15.4,,
HOSPGHOS,General hospitals,NBMILPNB,Per million population,NZL,New Zealand,2011,2011,15.28,,
HOSPGHOS,General hospitals,NBMILPNB,Per million population,NZL,New Zealand,2012,2012,13.38,,
HOSPGHOS,General hospitals,NBMILPNB,Per million population,NZL,New Zealand,2013,2013,13.28,,
HOSPGHOS,General hospitals,NBMILPNB,Per million population,NZL,New Zealand,2014,2014,13.08,,
HOSPGHOS,General hospitals,NBMILPNB,Per million population,NZL,New Zealand,2015,2015,12.62,,
HOSPGHOS,General hospitals,NBMILPNB,Per million population,NZL,New Zealand,2016,2016,11.29,,
HOSPGHOS,General hospitals,NBMILPNB,Per million population,NZL,New Zealand,2017,2017,11.06,,
HOSPGHOS,General hospitals,NBMILPNB,Per million population,NOR,Norway,2000,2000,13.36,,
HOSPGHOS,General hospitals,NBMILPNB,Per million population,POL,Poland,2004,2004,21.79,,
HOSPGHOS,General hospitals,NBMILPNB,Per million population,POL,Poland,2005,2005,21.59,,
HOSPGHOS,General hospitals,NBMILPNB,Per million population,POL,Poland,2006,2006,20.58,,
HOSPGHOS,General hospitals,NBMILPNB,Per million population,POL,Poland,2007,2007,20.72,,
HOSPGHOS,General hospitals,NBMILPNB,Per million population,POL,Poland,2008,2008,20.3,,
HOSPGHOS,General hospitals,NBMILPNB,Per million population,POL,Poland,2009,2009,20.84,,
HOSPGHOS,General hospitals,NBMILPNB,Per million population,POL,Poland,2010,2010,21.98,,
HOSPGHOS,General hospitals,NBMILPNB,Per million population,POL,Poland,2011,2011,22.41,,
HOSPGHOS,General hospitals,NBMILPNB,Per million population,POL,Poland,2012,2012,24.33,B,Break
HOSPGHOS,General hospitals,NBMILPNB,Per million population,POL,Poland,2013,2013,25.74,,
HOSPGHOS,General hospitals,NBMILPNB,Per million population,POL,Poland,2014,2014,26.1,,
HOSPGHOS,General hospitals,NBMILPNB,Per million population,POL,Poland,2015,2015,25.46,,
HOSPGHOS,General hospitals,NBMILPNB,Per million population,POL,Poland,2016,2016,25.49,,
HOSPGHOS,General hospitals,NBMILPNB,Per million population,PRT,Portugal,2000,2000,15.35,,
HOSPGHOS,General hospitals,NBMILPNB,Per million population,PRT,Portugal,2001,2001,15.15,,
HOSPGHOS,General hospitals,NBMILPNB,Per million population,PRT,Portugal,2002,2002,15.07,,
HOSPGHOS,General hospitals,NBMILPNB,Per million population,PRT,Portugal,2003,2003,15.3,,
HOSPGHOS,General hospitals,NBMILPNB,Per million population,PRT,Portugal,2004,2004,15.26,,
HOSPGHOS,General hospitals,NBMILPNB,Per million population,PRT,Portugal,2005,2005,15.23,,
HOSPGHOS,General hospitals,NBMILPNB,Per million population,PRT,Portugal,2006,2006,15.21,,
HOSPGHOS,General hospitals,NBMILPNB,Per million population,PRT,Portugal,2007,2007,15.75,,
HOSPGHOS,General hospitals,NBMILPNB,Per million population,PRT,Portugal,2008,2008,16.01,,
HOSPGHOS,General hospitals,NBMILPNB,Per million population,PRT,Portugal,2009,2009,16.09,,
HOSPGHOS,General hospitals,NBMILPNB,Per million population,PRT,Portugal,2010,2010,16.08,,
HOSPGHOS,General hospitals,NBMILPNB,Per million population,PRT,Portugal,2011,2011,15.53,,
HOSPGHOS,General hospitals,NBMILPNB,Per million population,PRT,Portugal,2012,2012,16.17,,
HOSPGHOS,General hospitals,NBMILPNB,Per million population,PRT,Portugal,2013,2013,16.07,,
HOSPGHOS,General hospitals,NBMILPNB,Per million population,PRT,Portugal,2014,2014,16.25,,
HOSPGHOS,General hospitals,NBMILPNB,Per million population,PRT,Portugal,2015,2015,16.32,,
HOSPGHOS,General hospitals,NBMILPNB,Per million population,PRT,Portugal,2016,2016,16.56,,
HOSPGHOS,General hospitals,NBMILPNB,Per million population,SVK,Slovak Republic,2000,2000,18.19,,
HOSPGHOS,General hospitals,NBMILPNB,Per million population,SVK,Slovak Republic,2001,2001,17.66,,
HOSPGHOS,General hospitals,NBMILPNB,Per million population,SVK,Slovak Republic,2002,2002,17.67,,
HOSPGHOS,General hospitals,NBMILPNB,Per million population,SVK,Slovak Republic,2003,2003,17.87,,
HOSPGHOS,General hospitals,NBMILPNB,Per million population,SVK,Slovak Republic,2004,2004,18.06,,
HOSPGHOS,General hospitals,NBMILPNB,Per million population,SVK,Slovak Republic,2005,2005,15.45,B,Break
HOSPGHOS,General hospitals,NBMILPNB,Per million population,SVK,Slovak Republic,2006,2006,14.7,,
HOSPGHOS,General hospitals,NBMILPNB,Per million population,SVK,Slovak Republic,2007,2007,14.88,,
HOSPGHOS,General hospitals,NBMILPNB,Per million population,SVK,Slovak Republic,2008,2008,13.57,,
HOSPGHOS,General hospitals,NBMILPNB,Per million population,SVK,Slovak Republic,2009,2009,14.11,,
HOSPGHOS,General hospitals,NBMILPNB,Per million population,SVK,Slovak Republic,2010,2010,14.1,,
HOSPGHOS,General hospitals,NBMILPNB,Per million population,SVK,Slovak Republic,2011,2011,14.08,,
HOSPGHOS,General hospitals,NBMILPNB,Per million population,SVK,Slovak Republic,2012,2012,13.68,,
HOSPGHOS,General hospitals,NBMILPNB,Per million population,SVK,Slovak Republic,2013,2013,13.67,,
HOSPGHOS,General hospitals,NBMILPNB,Per million population,SVK,Slovak Republic,2014,2014,13.47,,
HOSPGHOS,General hospitals,NBMILPNB,Per million population,SVK,Slovak Republic,2015,2015,13.46,,
HOSPGHOS,General hospitals,NBMILPNB,Per million population,SVK,Slovak Republic,2016,2016,13.44,,
HOSPGHOS,General hospitals,NBMILPNB,Per million population,ESP,Spain,2000,2000,14.44,,
HOSPGHOS,General hospitals,NBMILPNB,Per million population,ESP,Spain,2001,2001,13.83,,
HOSPGHOS,General hospitals,NBMILPNB,Per million population,ESP,Spain,2002,2002,13.49,,
HOSPGHOS,General hospitals,NBMILPNB,Per million population,ESP,Spain,2003,2003,12.92,,
HOSPGHOS,General hospitals,NBMILPNB,Per million population,ESP,Spain,2004,2004,12.72,,
HOSPGHOS,General hospitals,NBMILPNB,Per million population,ESP,Spain,2005,2005,12.46,,
HOSPGHOS,General hospitals,NBMILPNB,Per million population,ESP,Spain,2006,2006,12.34,,
HOSPGHOS,General hospitals,NBMILPNB,Per million population,ESP,Spain,2007,2007,12.36,,
HOSPGHOS,General hospitals,NBMILPNB,Per million population,ESP,Spain,2008,2008,12.12,,
HOSPGHOS,General hospitals,NBMILPNB,Per million population,ESP,Spain,2009,2009,12.14,,
HOSPGHOS,General hospitals,NBMILPNB,Per million population,ESP,Spain,2010,2010,11.79,B,Break
HOSPGHOS,General hospitals,NBMILPNB,Per million population,ESP,Spain,2011,2011,11.83,,
HOSPGHOS,General hospitals,NBMILPNB,Per million population,ESP,Spain,2012,2012,11.8,,
HOSPGHOS,General hospitals,NBMILPNB,Per million population,ESP,Spain,2013,2013,11.93,,
HOSPGHOS,General hospitals,NBMILPNB,Per million population,ESP,Spain,2014,2014,11.98,,
HOSPGHOS,General hospitals,NBMILPNB,Per million population,ESP,Spain,2015,2015,12.01,,
HOSPGHOS,General hospitals,NBMILPNB,Per million population,ESP,Spain,2016,2016,11.98,,
HOSPGHOS,General hospitals,NBMILPNB,Per million population,SWE,Sweden,2000,2000,9.02,,
HOSPGHOS,General hospitals,NBMILPNB,Per million population,SWE,Sweden,2001,2001,8.54,,
HOSPGHOS,General hospitals,NBMILPNB,Per million population,SWE,Sweden,2002,2002,8.63,,
HOSPGHOS,General hospitals,NBMILPNB,Per million population,SWE,Sweden,2003,2003,8.71,,
HOSPGHOS,General hospitals,NBMILPNB,Per million population,CHE,Switzerland,2000,2000,32.01,,
HOSPGHOS,General hospitals,NBMILPNB,Per million population,CHE,Switzerland,2001,2001,30.43,,
HOSPGHOS,General hospitals,NBMILPNB,Per million population,CHE,Switzerland,2002,2002,29.93,,
HOSPGHOS,General hospitals,NBMILPNB,Per million population,CHE,Switzerland,2003,2003,28.21,,
HOSPGHOS,General hospitals,NBMILPNB,Per million population,CHE,Switzerland,2004,2004,27.06,,
HOSPGHOS,General hospitals,NBMILPNB,Per million population,CHE,Switzerland,2005,2005,25.82,,
HOSPGHOS,General hospitals,NBMILPNB,Per million population,CHE,Switzerland,2006,2006,24.05,,
HOSPGHOS,General hospitals,NBMILPNB,Per million population,CHE,Switzerland,2007,2007,22.65,,
HOSPGHOS,General hospitals,NBMILPNB,Per million population,CHE,Switzerland,2008,2008,22.1,,
HOSPGHOS,General hospitals,NBMILPNB,Per million population,CHE,Switzerland,2009,2009,21.44,,
HOSPGHOS,General hospitals,NBMILPNB,Per million population,CHE,Switzerland,2010,2010,15.46,B,Break
HOSPGHOS,General hospitals,NBMILPNB,Per million population,CHE,Switzerland,2011,2011,15.17,,
HOSPGHOS,General hospitals,NBMILPNB,Per million population,CHE,Switzerland,2012,2012,14.51,,
HOSPGHOS,General hospitals,NBMILPNB,Per million population,CHE,Switzerland,2013,2013,13.97,,
HOSPGHOS,General hospitals,NBMILPNB,Per million population,CHE,Switzerland,2014,2014,13.19,,
HOSPGHOS,General hospitals,NBMILPNB,Per million population,CHE,Switzerland,2015,2015,12.8,,
HOSPGHOS,General hospitals,NBMILPNB,Per million population,CHE,Switzerland,2016,2016,12.18,,
HOSPGHOS,General hospitals,NBMILPNB,Per million population,TUR,Turkey,2000,2000,15.54,,
HOSPGHOS,General hospitals,NBMILPNB,Per million population,TUR,Turkey,2001,2001,15.91,,
HOSPGHOS,General hospitals,NBMILPNB,Per million population,TUR,Turkey,2002,2002,14.32,,
HOSPGHOS,General hospitals,NBMILPNB,Per million population,TUR,Turkey,2003,2003,14.36,,
HOSPGHOS,General hospitals,NBMILPNB,Per million population,TUR,Turkey,2004,2004,14.91,,
HOSPGHOS,General hospitals,NBMILPNB,Per million population,TUR,Turkey,2005,2005,14.36,,
HOSPGHOS,General hospitals,NBMILPNB,Per million population,TUR,Turkey,2006,2006,14.29,,
HOSPGHOS,General hospitals,NBMILPNB,Per million population,TUR,Turkey,2007,2007,15.65,,
HOSPGHOS,General hospitals,NBMILPNB,Per million population,TUR,Turkey,2008,2008,15.89,,
HOSPGHOS,General hospitals,NBMILPNB,Per million population,TUR,Turkey,2009,2009,16.34,,
HOSPGHOS,General hospitals,NBMILPNB,Per million population,TUR,Turkey,2010,2010,16.73,,
HOSPGHOS,General hospitals,NBMILPNB,Per million population,TUR,Turkey,2011,2011,16.99,,
HOSPGHOS,General hospitals,NBMILPNB,Per million population,TUR,Turkey,2012,2012,17.84,,
HOSPGHOS,General hospitals,NBMILPNB,Per million population,TUR,Turkey,2013,2013,18.08,,
HOSPGHOS,General hospitals,NBMILPNB,Per million population,TUR,Turkey,2014,2014,18.06,,
HOSPGHOS,General hospitals,NBMILPNB,Per million population,TUR,Turkey,2015,2015,17.98,,
HOSPGHOS,General hospitals,NBMILPNB,Per million population,TUR,Turkey,2016,2016,17.47,,
HOSPGHOS,General hospitals,NBMILPNB,Per million population,GBR,United Kingdom,2012,2012,14.76,,
HOSPGHOS,General hospitals,NBMILPNB,Per million population,GBR,United Kingdom,2013,2013,13.61,,
HOSPGHOS,General hospitals,NBMILPNB,Per million population,GBR,United Kingdom,2014,2014,13.05,,
HOSPGHOS,General hospitals,NBMILPNB,Per million population,GBR,United Kingdom,2015,2015,11.78,,
HOSPGHOS,General hospitals,NBMILPNB,Per million population,GBR,United Kingdom,2016,2016,11.65,,
HOSPGHOS,General hospitals,NBMILPNB,Per million population,USA,United States,2000,2000,16.98,,
HOSPGHOS,General hospitals,NBMILPNB,Per million population,USA,United States,2001,2001,16.72,,
HOSPGHOS,General hospitals,NBMILPNB,Per million population,USA,United States,2002,2002,16.54,,
HOSPGHOS,General hospitals,NBMILPNB,Per million population,USA,United States,2003,2003,16.3,,
HOSPGHOS,General hospitals,NBMILPNB,Per million population,USA,United States,2004,2004,16.11,,
HOSPGHOS,General hospitals,NBMILPNB,Per million population,USA,United States,2005,2005,15.9,,
HOSPGHOS,General hospitals,NBMILPNB,Per million population,USA,United States,2006,2006,15.64,,
HOSPGHOS,General hospitals,NBMILPNB,Per million population,USA,United States,2007,2007,15.48,,
HOSPGHOS,General hospitals,NBMILPNB,Per million population,USA,United States,2008,2008,15.3,,
HOSPGHOS,General hospitals,NBMILPNB,Per million population,USA,United States,2009,2009,15.16,,
HOSPGHOS,General hospitals,NBMILPNB,Per million population,USA,United States,2010,2010,14.88,,
HOSPGHOS,General hospitals,NBMILPNB,Per million population,USA,United States,2011,2011,14.8,,
HOSPGHOS,General hospitals,NBMILPNB,Per million population,USA,United States,2012,2012,14.58,,
HOSPGHOS,General hospitals,NBMILPNB,Per million population,USA,United States,2013,2013,14.42,,
HOSPGHOS,General hospitals,NBMILPNB,Per million population,USA,United States,2014,2014,14.15,,
HOSPGHOS,General hospitals,NBMILPNB,Per million population,USA,United States,2015,2015,13.88,,
HOSPGHOS,General hospitals,NBMILPNB,Per million population,CHL,Chile,2000,2000,18.96,,
HOSPGHOS,General hospitals,NBMILPNB,Per million population,CHL,Chile,2001,2001,19.52,,
HOSPGHOS,General hospitals,NBMILPNB,Per million population,CHL,Chile,2002,2002,19.34,,
HOSPGHOS,General hospitals,NBMILPNB,Per million population,CHL,Chile,2003,2003,18.06,,
HOSPGHOS,General hospitals,NBMILPNB,Per million population,CHL,Chile,2004,2004,18.06,,
HOSPGHOS,General hospitals,NBMILPNB,Per million population,CHL,Chile,2005,2005,17.26,,
HOSPGHOS,General hospitals,NBMILPNB,Per million population,CHL,Chile,2006,2006,17.51,,
HOSPGHOS,General hospitals,NBMILPNB,Per million population,CHL,Chile,2007,2007,17.33,,
HOSPGHOS,General hospitals,NBMILPNB,Per million population,CHL,Chile,2008,2008,17.38,,
HOSPGHOS,General hospitals,NBMILPNB,Per million population,CHL,Chile,2009,2009,16.35,,
HOSPGHOS,General hospitals,NBMILPNB,Per million population,CHL,Chile,2010,2010,17.05,,
HOSPGHOS,General hospitals,NBMILPNB,Per million population,CHL,Chile,2011,2011,14.49,B,Break
HOSPGHOS,General hospitals,NBMILPNB,Per million population,CHL,Chile,2012,2012,14.62,,
HOSPGHOS,General hospitals,NBMILPNB,Per million population,CHL,Chile,2013,2013,14.92,,
HOSPGHOS,General hospitals,NBMILPNB,Per million population,CHL,Chile,2014,2014,13.52,,
HOSPGHOS,General hospitals,NBMILPNB,Per million population,CHL,Chile,2015,2015,13.38,,
HOSPGHOS,General hospitals,NBMILPNB,Per million population,CHL,Chile,2016,2016,13.47,,
HOSPGHOS,General hospitals,NBMILPNB,Per million population,EST,Estonia,2000,2000,40.09,,
HOSPGHOS,General hospitals,NBMILPNB,Per million population,EST,Estonia,2001,2001,39.62,,
HOSPGHOS,General hospitals,NBMILPNB,Per million population,EST,Estonia,2002,2002,26.82,,
HOSPGHOS,General hospitals,NBMILPNB,Per million population,EST,Estonia,2003,2003,18.24,,
HOSPGHOS,General hospitals,NBMILPNB,Per million population,EST,Estonia,2004,2004,17.61,,
HOSPGHOS,General hospitals,NBMILPNB,Per million population,EST,Estonia,2005,2005,18.45,,
HOSPGHOS,General hospitals,NBMILPNB,Per million population,EST,Estonia,2006,2006,18.56,,
HOSPGHOS,General hospitals,NBMILPNB,Per million population,EST,Estonia,2007,2007,17.9,,
HOSPGHOS,General hospitals,NBMILPNB,Per million population,EST,Estonia,2008,2008,17.95,,
HOSPGHOS,General hospitals,NBMILPNB,Per million population,EST,Estonia,2009,2009,17.98,,
HOSPGHOS,General hospitals,NBMILPNB,Per million population,EST,Estonia,2010,2010,18.03,,
HOSPGHOS,General hospitals,NBMILPNB,Per million population,EST,Estonia,2011,2011,17.33,,
HOSPGHOS,General hospitals,NBMILPNB,Per million population,EST,Estonia,2012,2012,16.63,,
HOSPGHOS,General hospitals,NBMILPNB,Per million population,EST,Estonia,2013,2013,16.69,,
HOSPGHOS,General hospitals,NBMILPNB,Per million population,EST,Estonia,2014,2014,15.98,,
HOSPGHOS,General hospitals,NBMILPNB,Per million population,EST,Estonia,2015,2015,15.96,,
HOSPGHOS,General hospitals,NBMILPNB,Per million population,EST,Estonia,2016,2016,15.96,,
HOSPGHOS,General hospitals,NBMILPNB,Per million population,ISR,Israel,2000,2000,7.63,,
HOSPGHOS,General hospitals,NBMILPNB,Per million population,ISR,Israel,2001,2001,7.45,,
HOSPGHOS,General hospitals,NBMILPNB,Per million population,ISR,Israel,2002,2002,7.31,,
HOSPGHOS,General hospitals,NBMILPNB,Per million population,ISR,Israel,2003,2003,7.03,,
HOSPGHOS,General hospitals,NBMILPNB,Per million population,ISR,Israel,2004,2004,6.9,,
HOSPGHOS,General hospitals,NBMILPNB,Per million population,ISR,Israel,2005,2005,6.64,,
HOSPGHOS,General hospitals,NBMILPNB,Per million population,ISR,Israel,2006,2006,6.38,,
HOSPGHOS,General hospitals,NBMILPNB,Per million population,ISR,Israel,2007,2007,6.41,,
HOSPGHOS,General hospitals,NBMILPNB,Per million population,ISR,Israel,2008,2008,6.29,,
HOSPGHOS,General hospitals,NBMILPNB,Per million population,ISR,Israel,2009,2009,6.01,,
HOSPGHOS,General hospitals,NBMILPNB,Per million population,ISR,Israel,2010,2010,6.03,,
HOSPGHOS,General hospitals,NBMILPNB,Per million population,ISR,Israel,2011,2011,5.92,,
HOSPGHOS,General hospitals,NBMILPNB,Per million population,ISR,Israel,2012,2012,5.69,,
HOSPGHOS,General hospitals,NBMILPNB,Per million population,ISR,Israel,2013,2013,5.58,,
HOSPGHOS,General hospitals,NBMILPNB,Per million population,ISR,Israel,2014,2014,5.36,,
HOSPGHOS,General hospitals,NBMILPNB,Per million population,ISR,Israel,2015,2015,5.25,,
HOSPGHOS,General hospitals,NBMILPNB,Per million population,ISR,Israel,2016,2016,5.15,,
HOSPGHOS,General hospitals,NBMILPNB,Per million population,ISR,Israel,2017,2017,5.17,,
HOSPGHOS,General hospitals,NBMILPNB,Per million population,SVN,Slovenia,2010,2010,5.86,,
HOSPGHOS,General hospitals,NBMILPNB,Per million population,SVN,Slovenia,2011,2011,5.85,,
HOSPGHOS,General hospitals,NBMILPNB,Per million population,SVN,Slovenia,2012,2012,5.83,,
HOSPGHOS,General hospitals,NBMILPNB,Per million population,SVN,Slovenia,2013,2013,5.83,,
HOSPGHOS,General hospitals,NBMILPNB,Per million population,SVN,Slovenia,2014,2014,5.82,,
HOSPGHOS,General hospitals,NBMILPNB,Per million population,SVN,Slovenia,2015,2015,5.82,,
HOSPGHOS,General hospitals,NBMILPNB,Per million population,SVN,Slovenia,2016,2016,5.81,,
HOSPGHOS,General hospitals,NBMILPNB,Per million population,SVN,Slovenia,2017,2017,5.81,,
HOSPGHOS,General hospitals,NBMILPNB,Per million population,LTU,Lithuania,2000,2000,24.86,,
HOSPGHOS,General hospitals,NBMILPNB,Per million population,LTU,Lithuania,2001,2001,24.78,,
HOSPGHOS,General hospitals,NBMILPNB,Per million population,LTU,Lithuania,2002,2002,24.69,,
HOSPGHOS,General hospitals,NBMILPNB,Per million population,LTU,Lithuania,2003,2003,24.89,,
HOSPGHOS,General hospitals,NBMILPNB,Per million population,LTU,Lithuania,2004,2004,24.58,,
HOSPGHOS,General hospitals,NBMILPNB,Per million population,LTU,Lithuania,2005,2005,24.98,,
HOSPGHOS,General hospitals,NBMILPNB,Per million population,LTU,Lithuania,2006,2006,25.99,,
HOSPGHOS,General hospitals,NBMILPNB,Per million population,LTU,Lithuania,2007,2007,24.76,,
HOSPGHOS,General hospitals,NBMILPNB,Per million population,LTU,Lithuania,2008,2008,25.95,,
HOSPGHOS,General hospitals,NBMILPNB,Per million population,LTU,Lithuania,2009,2009,26.56,,
HOSPGHOS,General hospitals,NBMILPNB,Per million population,LTU,Lithuania,2010,2010,26.8,,
HOSPGHOS,General hospitals,NBMILPNB,Per million population,LTU,Lithuania,2011,2011,25.1,,
HOSPGHOS,General hospitals,NBMILPNB,Per million population,LTU,Lithuania,2012,2012,25.44,,
HOSPGHOS,General hospitals,NBMILPNB,Per million population,LTU,Lithuania,2013,2013,25.7,,
HOSPGHOS,General hospitals,NBMILPNB,Per million population,LTU,Lithuania,2014,2014,24.89,,
HOSPGHOS,General hospitals,NBMILPNB,Per million population,LTU,Lithuania,2015,2015,25.13,,
HOSPGHOS,General hospitals,NBMILPNB,Per million population,LTU,Lithuania,2016,2016,25.45,,
HOSPGHOS,General hospitals,NBMILPNB,Per million population,LVA,Latvia,2000,2000,45.62,,
HOSPGHOS,General hospitals,NBMILPNB,Per million population,LVA,Latvia,2001,2001,44.5,,
HOSPGHOS,General hospitals,NBMILPNB,Per million population,LVA,Latvia,2002,2002,38.96,,
HOSPGHOS,General hospitals,NBMILPNB,Per million population,LVA,Latvia,2003,2003,38.46,,
HOSPGHOS,General hospitals,NBMILPNB,Per million population,LVA,Latvia,2004,2004,37.12,,
HOSPGHOS,General hospitals,NBMILPNB,Per million population,LVA,Latvia,2005,2005,33.05,,
HOSPGHOS,General hospitals,NBMILPNB,Per million population,LVA,Latvia,2006,2006,33.36,,
HOSPGHOS,General hospitals,NBMILPNB,Per million population,LVA,Latvia,2007,2007,31.81,,
HOSPGHOS,General hospitals,NBMILPNB,Per million population,LVA,Latvia,2008,2008,29.85,,
HOSPGHOS,General hospitals,NBMILPNB,Per million population,LVA,Latvia,2009,2009,19.61,,
HOSPGHOS,General hospitals,NBMILPNB,Per million population,LVA,Latvia,2010,2010,20.02,,
HOSPGHOS,General hospitals,NBMILPNB,Per million population,LVA,Latvia,2011,2011,15.54,,
HOSPGHOS,General hospitals,NBMILPNB,Per million population,LVA,Latvia,2012,2012,15.73,,
HOSPGHOS,General hospitals,NBMILPNB,Per million population,LVA,Latvia,2013,2013,15.9,,
HOSPGHOS,General hospitals,NBMILPNB,Per million population,LVA,Latvia,2014,2014,15.05,,
HOSPGHOS,General hospitals,NBMILPNB,Per million population,LVA,Latvia,2015,2015,14.66,,
HOSPGHOS,General hospitals,NBMILPNB,Per million population,LVA,Latvia,2016,2016,14.8,,
HOSPGHOS,General hospitals,NOMBRENB,Number,LTU,Lithuania,2000,2000,87,,
HOSPGHOS,General hospitals,NOMBRENB,Number,LTU,Lithuania,2001,2001,86,,
HOSPGHOS,General hospitals,NOMBRENB,Number,LTU,Lithuania,2002,2002,85,,
HOSPGHOS,General hospitals,NOMBRENB,Number,LTU,Lithuania,2003,2003,85,,
HOSPGHOS,General hospitals,NOMBRENB,Number,LTU,Lithuania,2004,2004,83,,
HOSPGHOS,General hospitals,NOMBRENB,Number,LTU,Lithuania,2005,2005,83,,
HOSPGHOS,General hospitals,NOMBRENB,Number,LTU,Lithuania,2006,2006,85,,
HOSPGHOS,General hospitals,NOMBRENB,Number,LTU,Lithuania,2007,2007,80,,
HOSPGHOS,General hospitals,NOMBRENB,Number,LTU,Lithuania,2008,2008,83,,
HOSPGHOS,General hospitals,NOMBRENB,Number,LTU,Lithuania,2009,2009,84,,
HOSPGHOS,General hospitals,NOMBRENB,Number,LTU,Lithuania,2010,2010,83,,
HOSPGHOS,General hospitals,NOMBRENB,Number,LTU,Lithuania,2011,2011,76,,
HOSPGHOS,General hospitals,NOMBRENB,Number,LTU,Lithuania,2012,2012,76,,
HOSPGHOS,General hospitals,NOMBRENB,Number,LTU,Lithuania,2013,2013,76,,
HOSPGHOS,General hospitals,NOMBRENB,Number,LTU,Lithuania,2014,2014,73,,
HOSPGHOS,General hospitals,NOMBRENB,Number,LTU,Lithuania,2015,2015,73,,
HOSPGHOS,General hospitals,NOMBRENB,Number,LTU,Lithuania,2016,2016,73,,
HOSPGHOS,General hospitals,NOMBRENB,Number,LVA,Latvia,2000,2000,108,,
HOSPGHOS,General hospitals,NOMBRENB,Number,LVA,Latvia,2001,2001,104,,
HOSPGHOS,General hospitals,NOMBRENB,Number,LVA,Latvia,2002,2002,90,,
HOSPGHOS,General hospitals,NOMBRENB,Number,LVA,Latvia,2003,2003,88,,
HOSPGHOS,General hospitals,NOMBRENB,Number,LVA,Latvia,2004,2004,84,,
HOSPGHOS,General hospitals,NOMBRENB,Number,LVA,Latvia,2005,2005,74,,
HOSPGHOS,General hospitals,NOMBRENB,Number,LVA,Latvia,2006,2006,74,,
HOSPGHOS,General hospitals,NOMBRENB,Number,LVA,Latvia,2007,2007,70,,
HOSPGHOS,General hospitals,NOMBRENB,Number,LVA,Latvia,2008,2008,65,,
HOSPGHOS,General hospitals,NOMBRENB,Number,LVA,Latvia,2009,2009,42,,
HOSPGHOS,General hospitals,NOMBRENB,Number,LVA,Latvia,2010,2010,42,,
HOSPGHOS,General hospitals,NOMBRENB,Number,LVA,Latvia,2011,2011,32,,
HOSPGHOS,General hospitals,NOMBRENB,Number,LVA,Latvia,2012,2012,32,,
HOSPGHOS,General hospitals,NOMBRENB,Number,LVA,Latvia,2013,2013,32,,
HOSPGHOS,General hospitals,NOMBRENB,Number,LVA,Latvia,2014,2014,30,,
HOSPGHOS,General hospitals,NOMBRENB,Number,LVA,Latvia,2015,2015,29,,
HOSPGHOS,General hospitals,NOMBRENB,Number,LVA,Latvia,2016,2016,29,,
